{"type": "FeatureCollection", "features": [{"type": "Feature", "geometry": {"type": "Polygon", "coordinates": [[[-5.3801690084504195, 35.91244562228111], [-5.342667133356667, 35.87004350217511], [-5.338916945847291, 35.87534376718836], [-5.335166758337916, 35.88064403220161], [-5.335166758337916, 35.88594429721486], [-5.335166758337916, 35.89124456222811], [-5.338916945847291, 35.896544827241364], [-5.342667133356667, 35.89919495974799], [-5.350167508375417, 35.907145357267865], [-5.365168258412918, 35.917745887294366], [-5.376418820941044, 35.91509575478774], [-5.3801690084504195, 35.91244562228111]]]}, "properties": {"id": "ES630", "na": "Ceuta"}}, {"type": "Feature", "geometry": {"type": "Polygon", "coordinates": [[[-5.252662633131653, 36.30996549827491], [-5.47017350867543, 36.55642782139107], [-5.316415820791036, 36.71278563928196], [-5.30516525826291, 36.84794239711986], [-5.11390569528476, 36.88504425221261], [-5.143907195359766, 37.00430021501075], [-5.226411320566026, 36.96189809490475], [-5.312665633281661, 37.017550877543876], [-5.417670883544176, 36.95924796239812], [-5.47017350867543, 37.03875193759688], [-5.533926696334813, 36.93804690234512], [-5.665183259162955, 36.95659782989149], [-5.935196759837989, 36.84794239711986], [-6.33271663583179, 36.89829491474574], [-6.343967198359916, 36.79758987949398], [-6.430221511075551, 36.728686434321716], [-6.392719635981798, 36.64388219410971], [-6.343967198359916, 36.62533126656333], [-6.2427121356067765, 36.57232861643082], [-6.205210260513024, 36.39741987099355], [-6.025201260063, 36.1933596679834], [-5.597679883994196, 36.02375118755938], [-5.350167508375417, 36.15360768038402], [-5.342667133356667, 36.15360768038402], [-5.338916945847291, 36.1509575478774], [-5.252662633131653, 36.30996549827491]], [[-5.503925196259811, 36.49282464123206], [-5.638931946597328, 36.49812490624531], [-5.6464323216160786, 36.5590779538977], [-5.511425571278561, 36.54847742387119], [-5.503925196259811, 36.49282464123206]]]}, "properties": {"id": "ES612", "na": "Cádiz"}}, {"type": "Feature", "geometry": {"type": "MultiPolygon", "coordinates": [[[[-5.143907195359766, 37.00430021501075], [-5.11390569528476, 36.88504425221261], [-5.30516525826291, 36.84794239711986], [-5.316415820791036, 36.71278563928196], [-5.47017350867543, 36.55642782139107], [-5.252662633131653, 36.30996549827491], [-5.158907945397267, 36.4133206660333], [-4.945147257362866, 36.487524376218815], [-4.656382819140955, 36.51137556877844], [-4.397619880994046, 36.71013550677534], [-3.778838941947093, 36.736636831841594], [-3.8313415670783506, 36.84794239711986], [-4.243862193109653, 37.00430021501075], [-4.3263663183159125, 37.18450922546128], [-4.416370818540923, 37.25341267063353], [-4.65263263163158, 37.25606280314016], [-5.143907195359766, 37.00430021501075]]], [[[-5.6464323216160786, 36.5590779538977], [-5.638931946597328, 36.49812490624531], [-5.503925196259811, 36.49282464123206], [-5.511425571278561, 36.54847742387119], [-5.6464323216160786, 36.5590779538977]]]]}, "properties": {"id": "ES617", "na": "Málaga"}}, {"type": "Feature", "geometry": {"type": "Polygon", "coordinates": [[[-3.1300565028251377, 36.74988749437472], [-2.9650482524126183, 37.10765538276914], [-2.8337916895844764, 37.24281214060703], [-2.6762838141907075, 37.25076253812691], [-2.5825291264563184, 37.42037101855093], [-2.5150257512875633, 37.45747287364368], [-2.380019000950046, 37.531676583829196], [-2.275013750687531, 37.87089354467724], [-2.2075103755187726, 37.915945797289865], [-2.34251712585629, 38.02725136256813], [-2.5150257512875633, 38.07495374768739], [-2.552527626381316, 38.08290414520726], [-2.5825291264563184, 38.05905295264763], [-2.781289064453219, 37.90799539976999], [-2.946297314865742, 37.65093254662733], [-3.2350617530876526, 37.63503175158758], [-3.3625681284064193, 37.5740787039352], [-3.516325816290813, 37.60058002900145], [-3.8613430671533564, 37.39121956097805], [-4.000100005000249, 37.40182009100455], [-4.2138606930346505, 37.31966598329917], [-4.3263663183159125, 37.18450922546128], [-4.243862193109653, 37.00430021501075], [-3.8313415670783506, 36.84794239711986], [-3.778838941947093, 36.736636831841594], [-3.4413220661033037, 36.70218510925547], [-3.1300565028251377, 36.74988749437472]]]}, "properties": {"id": "ES614", "na": "Granada"}}, {"type": "Feature", "geometry": {"type": "Polygon", "coordinates": [[[-6.490224511225559, 37.66153307665383], [-6.182709135456772, 37.79668983449172], [-6.178958947947397, 37.93979698984949], [-6.343967198359916, 38.003400170008504], [-6.561478073903693, 38.02725136256813], [-6.932746637331864, 38.20746037301865], [-7.011500575028748, 38.040502025101254], [-7.236511825591279, 37.96364818240912], [-7.51402570128506, 37.52637631881594], [-7.4015200760037985, 37.173908695434775], [-7.33401670083504, 37.189809490474524], [-7.139006950347515, 37.2083604180209], [-7.045252262613129, 37.20571028551428], [-6.996499824991247, 37.189809490474524], [-6.542727136356817, 36.98574928746437], [-6.343967198359916, 36.79758987949398], [-6.33271663583179, 36.89829491474574], [-6.377718885944294, 37.03345167258363], [-6.3214660733036645, 37.4495224761238], [-6.490224511225559, 37.66153307665383]]]}, "properties": {"id": "ES615", "na": "Huelva"}}, {"type": "Feature", "geometry": {"type": "Polygon", "coordinates": [[[-4.65263263163158, 37.25606280314016], [-4.907645382269109, 37.473373668683436], [-5.008900445022249, 37.69863493174659], [-5.376418820941044, 37.613830691534574], [-5.335166758337916, 37.7940397019851], [-5.5864293214660705, 38.13060653032652], [-5.695184759237961, 38.10410520526027], [-5.717685884294212, 38.1809590479524], [-5.822691134556724, 38.1703585179259], [-5.965198259912992, 38.00870043502175], [-6.178958947947397, 37.93979698984949], [-6.182709135456772, 37.79668983449172], [-6.490224511225559, 37.66153307665383], [-6.3214660733036645, 37.4495224761238], [-6.377718885944294, 37.03345167258363], [-6.33271663583179, 36.89829491474574], [-5.935196759837989, 36.84794239711986], [-5.665183259162955, 36.95659782989149], [-5.533926696334813, 36.93804690234512], [-5.47017350867543, 37.03875193759688], [-5.417670883544176, 36.95924796239812], [-5.312665633281661, 37.017550877543876], [-5.226411320566026, 36.96189809490475], [-5.143907195359766, 37.00430021501075], [-4.65263263163158, 37.25606280314016]]]}, "properties": {"id": "ES618", "na": "Sevilla"}}, {"type": "Feature", "geometry": {"type": "Polygon", "coordinates": [[[-4.000100005000249, 37.40182009100455], [-4.1951097554877705, 37.616480824041204], [-4.273863693184655, 37.817890894544725], [-4.27011350567528, 38.014000700035], [-4.180109005450269, 38.16240812040602], [-4.27011350567528, 38.34791739586979], [-5.046402320116002, 38.72953647682384], [-5.1626581329066425, 38.71098554927747], [-5.548927446372318, 38.438021901095055], [-5.533926696334813, 38.215410770538526], [-5.5864293214660705, 38.13060653032652], [-5.335166758337916, 37.7940397019851], [-5.376418820941044, 37.613830691534574], [-5.008900445022249, 37.69863493174659], [-4.907645382269109, 37.473373668683436], [-4.65263263163158, 37.25606280314016], [-4.416370818540923, 37.25341267063353], [-4.3263663183159125, 37.18450922546128], [-4.2138606930346505, 37.31966598329917], [-4.000100005000249, 37.40182009100455]]]}, "properties": {"id": "ES613", "na": "Córdoba"}}, {"type": "Feature", "geometry": {"type": "Polygon", "coordinates": [[[-4.000100005000249, 37.40182009100455], [-3.8613430671533564, 37.39121956097805], [-3.516325816290813, 37.60058002900145], [-3.3625681284064193, 37.5740787039352], [-3.2350617530876526, 37.63503175158758], [-2.946297314865742, 37.65093254662733], [-2.781289064453219, 37.90799539976999], [-2.5825291264563184, 38.05905295264763], [-2.552527626381316, 38.08290414520726], [-2.5150257512875633, 38.13060653032652], [-2.4475223761188047, 38.2233611680584], [-2.492524626231308, 38.37176858842942], [-2.5150257512875633, 38.4009200460023], [-2.5825291264563184, 38.477773888694436], [-2.7625381269063425, 38.533426671333565], [-2.8937946897344844, 38.46187309365468], [-3.3475673783689146, 38.467173358667935], [-3.46007300365018, 38.411520576028806], [-4.2138606930346505, 38.39296964848242], [-4.27011350567528, 38.34791739586979], [-4.180109005450269, 38.16240812040602], [-4.27011350567528, 38.014000700035], [-4.273863693184655, 37.817890894544725], [-4.1951097554877705, 37.616480824041204], [-4.000100005000249, 37.40182009100455]]]}, "properties": {"id": "ES616", "na": "Jaén"}}, {"type": "Feature", "geometry": {"type": "Polygon", "coordinates": [[[-5.5864293214660705, 38.13060653032652], [-5.533926696334813, 38.215410770538526], [-5.548927446372318, 38.438021901095055], [-5.1626581329066425, 38.71098554927747], [-5.046402320116002, 38.72953647682384], [-4.85139256962848, 38.90709535476774], [-4.945147257362866, 39.03960198009901], [-4.727636381819089, 39.22246112305615], [-4.686384319215957, 39.45037251862593], [-4.753887694384716, 39.4159207960398], [-4.94139706985349, 39.3947197359868], [-4.952647632381616, 39.3947197359868], [-5.327666383319162, 39.31521576078804], [-5.398919945997296, 39.180059002950145], [-5.571428571428569, 39.19330966548328], [-5.653932696634829, 39.095254762738136], [-5.980199009950496, 39.06875343767189], [-6.028951447572375, 39.10850542527126], [-6.1564578228911415, 39.05020251012551], [-6.343967198359916, 39.182709135456776], [-6.741487074353714, 39.19065953297665], [-6.7864893244662206, 39.362918145907294], [-6.97024851242562, 39.41062053102655], [-7.2327616380819, 39.278113905695285], [-7.127756387819389, 39.12175608780439], [-6.966498324916245, 39.03165158257913], [-7.067753387669381, 38.84614230711536], [-7.202760138006898, 38.75073753687684], [-7.307765388269413, 38.45922296114806], [-7.109005450272512, 38.18890944547228], [-6.932746637331864, 38.20746037301865], [-6.561478073903693, 38.02725136256813], [-6.343967198359916, 38.003400170008504], [-6.178958947947397, 37.93979698984949], [-5.965198259912992, 38.00870043502175], [-5.822691134556724, 38.1703585179259], [-5.717685884294212, 38.1809590479524], [-5.695184759237961, 38.10410520526027], [-5.5864293214660705, 38.13060653032652]]]}, "properties": {"id": "ES431", "na": "Badajoz"}}, {"type": "Feature", "geometry": {"type": "MultiPolygon", "coordinates": [[[[-3.850092504625227, 39.27016350817541], [-4.127606380319012, 39.376168808440426], [-4.052602630131503, 39.51662583129156], [-4.082604130206509, 39.5722786139307], [-4.2401120056002775, 39.49277463873194], [-4.528876443822188, 39.519275963798194], [-4.686384319215957, 39.45037251862593], [-4.727636381819089, 39.22246112305615], [-4.945147257362866, 39.03960198009901], [-4.85139256962848, 38.90709535476774], [-5.046402320116002, 38.72953647682384], [-4.27011350567528, 38.34791739586979], [-4.2138606930346505, 38.39296964848242], [-3.46007300365018, 38.411520576028806], [-3.3475673783689146, 38.467173358667935], [-2.8937946897344844, 38.46187309365468], [-2.7625381269063425, 38.533426671333565], [-2.650032501625077, 38.71363568178409], [-2.856292814640728, 38.938896944847244], [-2.743787189359466, 39.317865893294666], [-2.931296564828237, 39.471573578678935], [-3.242562128106403, 39.47687384369219], [-3.5613280664033162, 39.307265363268165], [-3.850092504625227, 39.27016350817541]]], [[[-4.753887694384716, 39.4159207960398], [-4.772638631931596, 39.50337516875844], [-4.8438921946097295, 39.540477023851196], [-4.94139706985349, 39.3947197359868], [-4.753887694384716, 39.4159207960398]]]]}, "properties": {"id": "ES422", "na": "Ciudad Real"}}, {"type": "Feature", "geometry": {"type": "Polygon", "coordinates": [[[-5.335166758337916, 40.11555577778889], [-5.365168258412918, 40.25071253562678], [-5.552677633881693, 40.205660283014154], [-5.736436821841089, 40.293114655732786], [-5.811440572028598, 40.340817040852045], [-5.972698634931746, 40.29841492074604], [-6.197709885494273, 40.47067353367669], [-6.343967198359916, 40.44152207610381], [-6.610230511525575, 40.27721386069304], [-6.865243262163105, 40.271913595679784], [-6.95149757487874, 40.25866293314666], [-7.0040002000099975, 40.16060803040152], [-6.876493824691231, 39.97509875493775], [-7.022751137556874, 39.68623431171559], [-7.544027201360066, 39.66238311915596], [-7.3152657632881635, 39.45567278363918], [-7.2327616380819, 39.278113905695285], [-6.97024851242562, 39.41062053102655], [-6.7864893244662206, 39.362918145907294], [-6.741487074353714, 39.19065953297665], [-6.343967198359916, 39.182709135456776], [-6.1564578228911415, 39.05020251012551], [-6.028951447572375, 39.10850542527126], [-5.980199009950496, 39.06875343767189], [-5.653932696634829, 39.095254762738136], [-5.571428571428569, 39.19330966548328], [-5.398919945997296, 39.180059002950145], [-5.327666383319162, 39.31521576078804], [-4.952647632381616, 39.3947197359868], [-5.185159257962894, 39.5934796739837], [-5.1626581329066425, 39.771038551927596], [-5.286414320716034, 39.76838841942097], [-5.383919195959795, 39.94594729736487], [-5.335166758337916, 40.11555577778889]]]}, "properties": {"id": "ES432", "na": "Cáceres"}}, {"type": "Feature", "geometry": {"type": "Polygon", "coordinates": [[[-2.927546377318862, 35.27376368818441], [-2.9537976898844924, 35.31881594079704], [-2.9687984399219935, 35.28966448322416], [-2.927546377318862, 35.27376368818441]]]}, "properties": {"id": "ES640", "na": "Melilla"}}, {"type": "Feature", "geometry": {"type": "Polygon", "coordinates": [[[-2.7512875643782166, 36.69688484424221], [-2.5825291264563184, 36.784339216960845], [-2.5150257512875633, 36.81879093954698], [-2.361268063403166, 36.82939146957348], [-2.140007000350014, 36.736636831841594], [-2.0950047502375106, 36.78168908445422], [-1.9112455622781113, 36.94599729986499], [-1.8137406870343504, 37.189809490474524], [-1.629981499074951, 37.375318765938296], [-1.8849942497124843, 37.50782539126956], [-1.9974998749937463, 37.67213360668033], [-2.008750437521872, 37.85499274963748], [-2.0950047502375106, 37.88149407470374], [-2.2075103755187726, 37.915945797289865], [-2.275013750687531, 37.87089354467724], [-2.380019000950046, 37.531676583829196], [-2.5150257512875633, 37.45747287364368], [-2.5825291264563184, 37.42037101855093], [-2.6762838141907075, 37.25076253812691], [-2.8337916895844764, 37.24281214060703], [-2.9650482524126183, 37.10765538276914], [-3.1300565028251377, 36.74988749437472], [-2.7512875643782166, 36.69688484424221]]]}, "properties": {"id": "ES611", "na": "Almería"}}, {"type": "Feature", "geometry": {"type": "Polygon", "coordinates": [[[-0.7636881844092187, 37.847042352117604], [-1.0224511225561237, 38.090854542727136], [-0.9811990599529956, 38.273713685684285], [-1.0787039351967564, 38.4009200460023], [-1.0074503725186226, 38.59437971898595], [-1.026201310065499, 38.65533276663833], [-1.1237061853092634, 38.71098554927747], [-1.1799589979498961, 38.74013700685035], [-1.3149657482874098, 38.69243462173109], [-1.4349717485874258, 38.64738236911846], [-1.5324766238311902, 38.34526726336317], [-1.6374818740937016, 38.313465673283666], [-1.7574878743937177, 38.36381819090955], [-2.0500025001250037, 38.28961448072404], [-2.0950047502375106, 38.24986249312465], [-2.34251712585629, 38.02725136256813], [-2.2075103755187726, 37.915945797289865], [-2.0950047502375106, 37.88149407470374], [-2.008750437521872, 37.85499274963748], [-1.9974998749937463, 37.67213360668033], [-1.8849942497124843, 37.50782539126956], [-1.629981499074951, 37.375318765938296], [-1.3149657482874098, 37.5634781739087], [-1.1237061853092634, 37.5740787039352], [-0.7599379968998434, 37.60058002900145], [-0.7411870593529635, 37.664183209160456], [-0.8424421221061031, 37.722486124306215], [-0.7636881844092187, 37.847042352117604]]]}, "properties": {"id": "ES620", "na": "Murcia"}}, {"type": "Feature", "geometry": {"type": "Polygon", "coordinates": [[[-1.026201310065499, 38.65533276663833], [-1.0074503725186226, 38.59437971898595], [-1.0787039351967564, 38.4009200460023], [-0.9811990599529956, 38.273713685684285], [-1.0224511225561237, 38.090854542727136], [-0.7636881844092187, 37.847042352117604], [-0.4936746837341843, 38.31876593829691], [-0.05490274513725524, 38.59437971898595], [0.19635981799090274, 38.75868793439672], [0.14385719285964527, 38.82759137956898], [-0.036151807590375284, 38.88589429471474], [-0.33991699584979074, 38.864693234661736], [-0.5649282464123182, 38.79048952447623], [-0.6061803090154463, 38.70303515175759], [-0.9286964348217381, 38.78253912695635], [-0.939946997349864, 38.697734886744335], [-1.026201310065499, 38.65533276663833]]]}, "properties": {"id": "ES521", "na": "Alicante/Alacant"}}, {"type": "Feature", "geometry": {"type": "Polygon", "coordinates": [[[-1.026201310065499, 38.65533276663833], [-0.939946997349864, 38.697734886744335], [-0.9286964348217381, 38.78253912695635], [-0.9549477473873651, 38.92299614980749], [-1.1237061853092634, 38.938896944847244], [-1.217460873043649, 39.05020251012551], [-1.1949597479873972, 39.28341417070854], [-1.5062253112655597, 39.41857092854643], [-1.7649882494124682, 39.31256562828142], [-2.020001000049998, 39.32846642332117], [-2.2300115005750243, 39.25161258062903], [-2.5150257512875633, 39.325816290814544], [-2.5825291264563184, 39.32316615830791], [-2.743787189359466, 39.317865893294666], [-2.856292814640728, 38.938896944847244], [-2.650032501625077, 38.71363568178409], [-2.7625381269063425, 38.533426671333565], [-2.5825291264563184, 38.477773888694436], [-2.5150257512875633, 38.4009200460023], [-2.492524626231308, 38.37176858842942], [-2.4475223761188047, 38.2233611680584], [-2.5150257512875633, 38.13060653032652], [-2.552527626381316, 38.08290414520726], [-2.5150257512875633, 38.07495374768739], [-2.34251712585629, 38.02725136256813], [-2.0950047502375106, 38.24986249312465], [-2.0500025001250037, 38.28961448072404], [-1.7574878743937177, 38.36381819090955], [-1.6374818740937016, 38.313465673283666], [-1.5324766238311902, 38.34526726336317], [-1.4349717485874258, 38.64738236911846], [-1.3149657482874098, 38.69243462173109], [-1.1799589979498961, 38.74013700685035], [-1.1237061853092634, 38.71098554927747], [-1.026201310065499, 38.65533276663833]]]}, "properties": {"id": "ES421", "na": "Albacete"}}, {"type": "Feature", "geometry": {"type": "MultiPolygon", "coordinates": [[[[-0.7974398719935962, 39.88234411720586], [-0.8686934346717301, 39.87439371968598], [-0.9774488724436203, 39.96714835741787], [-1.1424571228561398, 39.97244862243112], [-1.206210310515523, 39.94594729736487], [-1.217460873043649, 39.816090804540224], [-1.3149657482874098, 39.67033351667583], [-1.4912245612280586, 39.556377818890944], [-1.5062253112655597, 39.41857092854643], [-1.1949597479873972, 39.28341417070854], [-1.217460873043649, 39.05020251012551], [-1.1237061853092634, 38.938896944847244], [-0.9549477473873651, 38.92299614980749], [-0.9286964348217381, 38.78253912695635], [-0.6061803090154463, 38.70303515175759], [-0.5649282464123182, 38.79048952447623], [-0.33991699584979074, 38.864693234661736], [-0.036151807590375284, 38.88589429471474], [-0.20116005800289827, 39.08200410020501], [-0.32491624581228606, 39.413270663533176], [-0.18990949547477243, 39.720686034301714], [-0.343667183359166, 39.79488974448722], [-0.4524226211310527, 39.73658682934147], [-0.6174308715435757, 39.75248762438122], [-0.7974398719935962, 39.88234411720586]]], [[[-1.449972498624927, 40.14470723536177], [-1.3824691234561683, 40.03340167008351], [-1.3149657482874098, 40.012200610030504], [-1.1649582479123914, 40.009550477523874], [-1.1499574978748903, 40.089054452722635], [-1.2849642482124075, 40.1791589579479], [-1.449972498624927, 40.14470723536177]]]]}, "properties": {"id": "ES523", "na": "Valencia/València"}}, {"type": "Feature", "geometry": {"type": "Polygon", "coordinates": [[[-1.1649582479123914, 40.009550477523874], [-1.3149657482874098, 40.012200610030504], [-1.3824691234561683, 40.03340167008351], [-1.449972498624927, 40.14470723536177], [-1.8062403120155963, 40.399119955997804], [-1.9449972498624888, 40.5872793639682], [-2.0950047502375106, 40.60583029151458], [-2.256262813140655, 40.629681484074204], [-2.3837691884594214, 40.59522976148808], [-2.5150257512875633, 40.46007300365018], [-2.5825291264563184, 40.44417220861043], [-2.7662883144157178, 40.399119955997804], [-2.875043752187608, 40.195059752987646], [-3.0663033151657544, 40.157957897894896], [-3.1600580029001435, 40.06520326016301], [-3.09630481524076, 39.94594729736487], [-3.107555377768886, 39.877043852192614], [-2.9200460023001114, 39.635881794089705], [-2.931296564828237, 39.471573578678935], [-2.743787189359466, 39.317865893294666], [-2.5825291264563184, 39.32316615830791], [-2.5150257512875633, 39.325816290814544], [-2.2300115005750243, 39.25161258062903], [-2.020001000049998, 39.32846642332117], [-1.7649882494124682, 39.31256562828142], [-1.5062253112655597, 39.41857092854643], [-1.4912245612280586, 39.556377818890944], [-1.3149657482874098, 39.67033351667583], [-1.217460873043649, 39.816090804540224], [-1.206210310515523, 39.94594729736487], [-1.1424571228561398, 39.97244862243112], [-1.1649582479123914, 40.009550477523874]]]}, "properties": {"id": "ES423", "na": "Cuenca"}}, {"type": "Feature", "geometry": {"type": "Polygon", "coordinates": [[[0.17010850542527578, 40.73303665183259], [0.2563628181409108, 40.85494274713736], [0.21886094304715442, 41.07225361268063], [0.012600630031503357, 41.082854142707134], [-0.5274263713185618, 41.33196659832991], [-0.6061803090154463, 41.30281514075704], [-0.7111855592779612, 41.133206660333016], [-1.1237061853092634, 41.13850692534627], [-1.3149657482874098, 41.05105255262763], [-1.3824691234561683, 41.066953347667386], [-1.483724186209308, 40.968898444922246], [-1.6187309365468252, 40.94504725236262], [-1.554977748887442, 40.613780689034456], [-1.674983749187458, 40.563428171408574], [-1.8062403120155963, 40.399119955997804], [-1.449972498624927, 40.14470723536177], [-1.2849642482124075, 40.1791589579479], [-1.1499574978748903, 40.089054452722635], [-1.1649582479123914, 40.009550477523874], [-1.1424571228561398, 39.97244862243112], [-0.9774488724436203, 39.96714835741787], [-0.8686934346717301, 39.87439371968598], [-0.7974398719935962, 39.88234411720586], [-0.8424421221061031, 39.94594729736487], [-0.6286814340717015, 40.089054452722635], [-0.5386769338466877, 40.22951147557378], [-0.40367018350917405, 40.26131306565328], [-0.3174158707935355, 40.351417570878546], [-0.2986649332466591, 40.5660783039152], [-0.35491774588729186, 40.65618280914046], [-0.18240912045601831, 40.76748837441872], [0.06135306765338555, 40.70388519425971], [0.17010850542527578, 40.73303665183259]]]}, "properties": {"id": "ES242", "na": "Teruel"}}, {"type": "Feature", "geometry": {"type": "Polygon", "coordinates": [[[-2.0950047502375106, 41.13850692534627], [-2.4100205010250484, 41.07225361268063], [-2.5150257512875633, 41.141157057852894], [-2.5825291264563184, 41.18620931046552], [-2.698784939246959, 41.26041302065103], [-3.208810440522022, 41.305465273263664], [-3.5388269413470645, 41.16500825041252], [-3.4075703785189226, 41.016600830041504], [-3.482574128706432, 40.77808890444523], [-3.2163108155407727, 40.515725786289316], [-3.1488074403720177, 40.40177008850443], [-3.167558377918894, 40.293114655732786], [-3.0663033151657544, 40.157957897894896], [-2.875043752187608, 40.195059752987646], [-2.7662883144157178, 40.399119955997804], [-2.5825291264563184, 40.44417220861043], [-2.5150257512875633, 40.46007300365018], [-2.3837691884594214, 40.59522976148808], [-2.256262813140655, 40.629681484074204], [-2.0950047502375106, 40.60583029151458], [-1.9449972498624888, 40.5872793639682], [-1.8062403120155963, 40.399119955997804], [-1.674983749187458, 40.563428171408574], [-1.554977748887442, 40.613780689034456], [-1.6187309365468252, 40.94504725236262], [-1.8287414370718515, 41.09875493774689], [-2.0500025001250037, 41.14645732286614], [-2.0950047502375106, 41.13850692534627]]]}, "properties": {"id": "ES424", "na": "Guadalajara"}}, {"type": "Feature", "geometry": {"type": "Polygon", "coordinates": [[[-2.0950047502375106, 41.13850692534627], [-2.1325066253312635, 41.35316765838292], [-2.0837541877093813, 41.414120706035305], [-1.9749987499374946, 41.42472123606181], [-1.9599979998999935, 41.56782839141957], [-1.8174908745437257, 41.71623581179059], [-1.8549927496374785, 41.965348267413376], [-2.053752687634379, 41.94149707485374], [-2.0950047502375106, 41.99449972498625], [-2.17000850042502, 42.08990449522476], [-2.3500175008750404, 42.137606880344016], [-2.4850242512125575, 42.11375568778439], [-2.5150257512875633, 42.08460423021151], [-2.5825291264563184, 42.01570078503925], [-2.7737886894344683, 42.087254362718134], [-2.912545627281361, 42.02365118255913], [-3.1375568778438883, 41.84079203960198], [-3.280064003200156, 41.81959097954898], [-3.5238261913095634, 41.56252812640632], [-3.208810440522022, 41.305465273263664], [-2.698784939246959, 41.26041302065103], [-2.5825291264563184, 41.18620931046552], [-2.5150257512875633, 41.141157057852894], [-2.4100205010250484, 41.07225361268063], [-2.0950047502375106, 41.13850692534627]]]}, "properties": {"id": "ES417", "na": "Soria"}}, {"type": "Feature", "geometry": {"type": "Polygon", "coordinates": [[[-2.931296564828237, 39.471573578678935], [-2.9200460023001114, 39.635881794089705], [-3.107555377768886, 39.877043852192614], [-3.09630481524076, 39.94594729736487], [-3.1600580029001435, 40.06520326016301], [-3.355067753387665, 40.07315365768289], [-3.6963348167408334, 39.953897694884745], [-3.7188359417970887, 39.9909995499775], [-3.6250812540626995, 40.059902995149756], [-3.6213310665533243, 40.11025551277564], [-4.0488524426221275, 40.256012800640036], [-4.183859192959645, 40.28516425821291], [-4.311365568278411, 40.226861343067156], [-4.3863693184659205, 40.27986399319966], [-4.502625131256561, 40.2109605480274], [-4.57762888144407, 40.216260813040655], [-4.727636381819089, 40.26396319815991], [-4.967648382419117, 40.128806440322016], [-5.335166758337916, 40.11555577778889], [-5.383919195959795, 39.94594729736487], [-5.286414320716034, 39.76838841942097], [-5.1626581329066425, 39.771038551927596], [-5.185159257962894, 39.5934796739837], [-4.952647632381616, 39.3947197359868], [-4.94139706985349, 39.3947197359868], [-4.8438921946097295, 39.540477023851196], [-4.772638631931596, 39.50337516875844], [-4.753887694384716, 39.4159207960398], [-4.686384319215957, 39.45037251862593], [-4.528876443822188, 39.519275963798194], [-4.2401120056002775, 39.49277463873194], [-4.082604130206509, 39.5722786139307], [-4.052602630131503, 39.51662583129156], [-4.127606380319012, 39.376168808440426], [-3.850092504625227, 39.27016350817541], [-3.5613280664033162, 39.307265363268165], [-3.242562128106403, 39.47687384369219], [-2.931296564828237, 39.471573578678935]], [[-3.737586879343965, 39.94064703235162], [-3.8200910045502248, 39.858492924646235], [-3.868843442172107, 39.90884544227211], [-3.808840442022099, 39.983049152457625], [-3.737586879343965, 39.94064703235162]]]}, "properties": {"id": "ES425", "na": "Toledo"}}, {"type": "Feature", "geometry": {"type": "MultiPolygon", "coordinates": [[[[-3.1600580029001435, 40.06520326016301], [-3.0663033151657544, 40.157957897894896], [-3.167558377918894, 40.293114655732786], [-3.1488074403720177, 40.40177008850443], [-3.2163108155407727, 40.515725786289316], [-3.482574128706432, 40.77808890444523], [-3.4075703785189226, 41.016600830041504], [-3.5388269413470645, 41.16500825041252], [-3.9025951297564845, 40.95034751737587], [-3.985099254962744, 40.804590229511476], [-4.161358067903393, 40.69063453172659], [-4.307615380769036, 40.55812790639532], [-4.337616880844038, 40.42297114855743], [-4.57762888144407, 40.216260813040655], [-4.502625131256561, 40.2109605480274], [-4.3863693184659205, 40.27986399319966], [-4.311365568278411, 40.226861343067156], [-4.183859192959645, 40.28516425821291], [-4.0488524426221275, 40.256012800640036], [-3.6213310665533243, 40.11025551277564], [-3.6250812540626995, 40.059902995149756], [-3.7188359417970887, 39.9909995499775], [-3.6963348167408334, 39.953897694884745], [-3.355067753387665, 40.07315365768289], [-3.1600580029001435, 40.06520326016301]]], [[[-3.868843442172107, 39.90884544227211], [-3.8200910045502248, 39.858492924646235], [-3.737586879343965, 39.94064703235162], [-3.808840442022099, 39.983049152457625], [-3.868843442172107, 39.90884544227211]]]]}, "properties": {"id": "ES300", "na": "Madrid"}}, {"type": "Feature", "geometry": {"type": "Polygon", "coordinates": [[[-4.57762888144407, 40.216260813040655], [-4.337616880844038, 40.42297114855743], [-4.307615380769036, 40.55812790639532], [-4.161358067903393, 40.69063453172659], [-4.273863693184655, 40.67738386919346], [-4.318865943297162, 40.64823241162058], [-4.408870443522172, 40.65088254412721], [-4.7238861943097135, 41.14910745537277], [-5.12515625781289, 41.133206660333016], [-5.10640532026601, 40.968898444922246], [-5.173908695434768, 40.80989049452472], [-5.365168258412918, 40.669433471673585], [-5.48892444622231, 40.45742287114356], [-5.66143307165358, 40.42562128106405], [-5.736436821841089, 40.293114655732786], [-5.552677633881693, 40.205660283014154], [-5.365168258412918, 40.25071253562678], [-5.335166758337916, 40.11555577778889], [-4.967648382419117, 40.128806440322016], [-4.727636381819089, 40.26396319815991], [-4.57762888144407, 40.216260813040655]]]}, "properties": {"id": "ES411", "na": "Ávila"}}, {"type": "Feature", "geometry": {"type": "Polygon", "coordinates": [[[-5.66143307165358, 40.42562128106405], [-5.48892444622231, 40.45742287114356], [-5.365168258412918, 40.669433471673585], [-5.173908695434768, 40.80989049452472], [-5.10640532026601, 40.968898444922246], [-5.12515625781289, 41.133206660333016], [-5.290164508225409, 41.180909045452275], [-5.346417320866042, 41.13850692534627], [-5.66893344667233, 41.2365618280914], [-5.878943947197357, 41.22861143057153], [-5.957697884894241, 41.162358117905896], [-6.343967198359916, 41.27101355067754], [-6.478973948697433, 41.29486474323716], [-6.68898444922246, 41.2047602380119], [-6.808990449522472, 41.056352817640885], [-6.928996449822488, 41.02985149257463], [-6.812740637031851, 40.833741687084355], [-6.801490074503722, 40.36201810090505], [-6.865243262163105, 40.271913595679784], [-6.610230511525575, 40.27721386069304], [-6.343967198359916, 40.44152207610381], [-6.197709885494273, 40.47067353367669], [-5.972698634931746, 40.29841492074604], [-5.811440572028598, 40.340817040852045], [-5.736436821841089, 40.293114655732786], [-5.66143307165358, 40.42562128106405]]]}, "properties": {"id": "ES415", "na": "Salamanca"}}, {"type": "Feature", "geometry": {"type": "MultiPolygon", "coordinates": [[[[1.4414220711035597, 38.76398819940997], [1.3776688834441764, 38.68448422421121], [1.3814190709535517, 38.631481574078705], [1.471423571178562, 38.68448422421121], [1.5276763838191947, 38.620881044052204], [1.617680884044205, 38.650032501625084], [1.5764288214410769, 38.72953647682384], [1.5201760088004441, 38.689784489224465], [1.4414220711035597, 38.76398819940997]]], [[[1.4376718835941844, 38.91769588479424], [1.5239261963098194, 38.94684734236712], [1.6139306965348297, 39.03165158257913], [1.5876793839692027, 39.09260463023151], [1.5389269463473205, 39.113805690284515], [1.3626681334066753, 39.07140357017851], [1.2951647582379167, 39.02635131756588], [1.3026651332566672, 38.97069853492675], [1.193909695484777, 38.960098004900246], [1.2501625081254097, 38.85939296964848], [1.3439171958597953, 38.87264363218161], [1.4039201960098033, 38.83819190959548], [1.4376718835941844, 38.91769588479424]]]]}, "properties": {"id": "ES531", "na": "Eivissa y Formentera"}}, {"type": "Feature", "geometry": {"type": "Polygon", "coordinates": [[[3.0727536376818883, 39.91944597229862], [2.948997449872497, 39.91944597229862], [2.8439921996099855, 39.86114305715286], [2.780239011950602, 39.85584279213961], [2.6677333866693367, 39.7922396119806], [2.585229261463077, 39.71803590179509], [2.3302165108255437, 39.577578878943946], [2.442722136106809, 39.52192609630482], [2.5177258862943184, 39.458322916145804], [2.54022701135057, 39.52192609630482], [2.630231511575584, 39.566978348917445], [2.7502375118755964, 39.50337516875844], [2.7239861993099694, 39.47687384369219], [2.7877393869693528, 39.362918145907294], [2.9602480124006227, 39.362918145907294], [3.050252512625633, 39.26486324316216], [3.230261513075657, 39.36026801340067], [3.2977648882444157, 39.49807490374519], [3.402770138506927, 39.5828791439572], [3.402770138506927, 39.635881794089705], [3.4552727636381846, 39.65708285414271], [3.4552727636381846, 39.74453722686134], [3.346517325866298, 39.78693934696735], [3.252762638131909, 39.72863643182159], [3.144007200360022, 39.77368868443422], [3.2115105755287807, 39.87969398469924], [3.166508325416274, 39.90354517725886], [3.1252562628131457, 39.866443322166106], [3.0727536376818883, 39.91944597229862]]]}, "properties": {"id": "ES532", "na": "Mallorca"}}, {"type": "Feature", "geometry": {"type": "Polygon", "coordinates": [[[0.5151257562878158, 40.523676183809194], [0.26011300565028606, 40.67738386919346], [0.17010850542527578, 40.73303665183259], [0.06135306765338555, 40.70388519425971], [-0.18240912045601831, 40.76748837441872], [-0.35491774588729186, 40.65618280914046], [-0.2986649332466591, 40.5660783039152], [-0.3174158707935355, 40.351417570878546], [-0.40367018350917405, 40.26131306565328], [-0.5386769338466877, 40.22951147557378], [-0.6286814340717015, 40.089054452722635], [-0.8424421221061031, 39.94594729736487], [-0.7974398719935962, 39.88234411720586], [-0.6174308715435757, 39.75248762438122], [-0.4524226211310527, 39.73658682934147], [-0.343667183359166, 39.79488974448722], [-0.18990949547477243, 39.720686034301714], [0.005100255012752797, 39.94594729736487], [0.26011300565028606, 40.23746187309366], [0.5151257562878158, 40.523676183809194]]]}, "properties": {"id": "ES522", "na": "Castellón/Castelló"}}, {"type": "Feature", "geometry": {"type": "Polygon", "coordinates": [[[0.5151257562878158, 40.523676183809194], [0.6088804440222049, 40.613780689034456], [0.8376418820941076, 40.68268413420671], [0.7251362568128421, 40.81254062703135], [0.9051452572628662, 40.968898444922246], [0.9763988199410001, 41.02985149257463], [1.6439321966098355, 41.19680984049202], [1.3926696334816775, 41.575778788939445], [1.2014100705035275, 41.54397719885994], [0.9051452572628662, 41.3505175258763], [0.3838691934596774, 41.278963948197415], [0.26011300565028606, 41.122606130306515], [0.21886094304715442, 41.07225361268063], [0.2563628181409108, 40.85494274713736], [0.17010850542527578, 40.73303665183259], [0.26011300565028606, 40.67738386919346], [0.5151257562878158, 40.523676183809194]]]}, "properties": {"id": "ES514", "na": "Tarragona"}}, {"type": "Feature", "geometry": {"type": "Polygon", "coordinates": [[[1.6439321966098355, 41.19680984049202], [2.0827041352067646, 41.29486474323716], [2.296464823241166, 41.46447322366119], [2.705235261763093, 41.62083104155208], [2.780239011950602, 41.64998249912496], [2.7277363868193447, 41.72418620931047], [2.5439771988599453, 41.740087004350215], [2.378968948447426, 41.82489124456223], [2.453972698634935, 41.952097604880244], [2.4164708235411787, 42.07400370018501], [2.116455822791142, 42.15880794039702], [2.0189509475473812, 42.28601430071504], [1.8426921346067324, 42.30721536076804], [1.6889344467223388, 42.26746337316866], [1.7001850092504647, 42.233011650582526], [1.6289314465723308, 41.877893894694736], [1.426421321066055, 41.75333766688335], [1.411420571028554, 41.66853342667133], [1.3926696334816775, 41.575778788939445], [1.6439321966098355, 41.19680984049202]]]}, "properties": {"id": "ES511", "na": "Barcelona"}}, {"type": "Feature", "geometry": {"type": "Polygon", "coordinates": [[[1.4414220711035597, 42.60403020151008], [1.411420571028554, 42.63318165908296], [1.3214160708035436, 42.71003550177509], [0.9051452572628662, 42.813390669533476], [0.856392819640984, 42.8266413320666], [0.7138856942847163, 42.85314265713286], [0.6688834441722129, 42.802790139506975], [0.6613830691534623, 42.69148457422871], [0.7176358817940915, 42.63318165908296], [0.7476373818690973, 42.601380069003454], [0.7063853192659657, 42.487424371218566], [0.7288864443222209, 42.39996999849993], [0.7551377568878479, 42.320466023301165], [0.7213860693034668, 42.233011650582526], [0.5788789439471991, 41.877893894694736], [0.36886844342217273, 41.69503475173759], [0.41387069353467965, 41.549277463873196], [0.3351167558377952, 41.40617030851543], [0.3838691934596774, 41.278963948197415], [0.9051452572628662, 41.3505175258763], [1.2014100705035275, 41.54397719885994], [1.3926696334816775, 41.575778788939445], [1.411420571028554, 41.66853342667133], [1.426421321066055, 41.75333766688335], [1.6289314465723308, 41.877893894694736], [1.7001850092504647, 42.233011650582526], [1.6889344467223388, 42.26746337316866], [1.8426921346067324, 42.30721536076804], [1.7864393219661032, 42.39996999849993], [1.7301865093254705, 42.49272463623181], [1.7264363218160952, 42.503325166258314], [1.4676733836691866, 42.445022251112555], [1.4414220711035597, 42.60403020151008]]]}, "properties": {"id": "ES513", "na": "Lleida"}}, {"type": "Feature", "geometry": {"type": "Polygon", "coordinates": [[[2.780239011950602, 41.64998249912496], [2.8102405120256044, 41.66853342667133], [3.2077603880194054, 41.92029601480074], [3.1890094504725255, 41.98389919495975], [3.1252562628131457, 42.20121006050303], [3.155257762888148, 42.2197609880494], [3.2790139506975393, 42.293964698234916], [3.200260013000655, 42.39996999849993], [3.1740087004350244, 42.43442172108605], [2.8852442622131136, 42.46092304615231], [2.716485824291219, 42.39996999849993], [2.555227761388071, 42.34166708335417], [2.3489674483724237, 42.39996999849993], [2.296464823241166, 42.41587079353968], [2.236461823091158, 42.43177158857943], [2.1427071353567726, 42.39996999849993], [2.0339516975848824, 42.36286814340717], [1.9851992599630002, 42.39996999849993], [1.9176958847942416, 42.45297264863243], [1.7301865093254705, 42.49272463623181], [1.7864393219661032, 42.39996999849993], [1.8426921346067324, 42.30721536076804], [2.0189509475473812, 42.28601430071504], [2.116455822791142, 42.15880794039702], [2.4164708235411787, 42.07400370018501], [2.453972698634935, 41.952097604880244], [2.378968948447426, 41.82489124456223], [2.5439771988599453, 41.740087004350215], [2.7277363868193447, 41.72418620931047], [2.780239011950602, 41.64998249912496]]]}, "properties": {"id": "ES512", "na": "Girona"}}, {"type": "Feature", "geometry": {"type": "Polygon", "coordinates": [[[-0.3136656832841602, 42.85049252462623], [-0.5686784339216935, 42.816040802040106], [-0.6924346217310848, 42.898194909745484], [-0.7261863093154624, 42.91939596979849], [-0.793689684484221, 42.898194909745484], [-0.9024451222561112, 42.74183709185459], [-0.8911945597279818, 42.63318165908296], [-0.8649432471623548, 42.29926496324816], [-0.7449372468623388, 42.29661483074154], [-0.748687434371714, 42.233011650582526], [-0.827441372068602, 41.99714985749287], [-0.6661833091654543, 41.936196809840496], [-0.48617430871543377, 41.732136606830345], [-0.18240912045601831, 41.57312865643282], [-0.047402370118501125, 41.39821991099555], [0.26011300565028606, 41.40617030851543], [0.3351167558377952, 41.40617030851543], [0.41387069353467965, 41.549277463873196], [0.36886844342217273, 41.69503475173759], [0.5788789439471991, 41.877893894694736], [0.7213860693034668, 42.233011650582526], [0.7551377568878479, 42.320466023301165], [0.7288864443222209, 42.39996999849993], [0.7063853192659657, 42.487424371218566], [0.7476373818690973, 42.601380069003454], [0.7176358817940915, 42.63318165908296], [0.6613830691534623, 42.69148457422871], [0.47762388119406296, 42.69943497174859], [0.26011300565028606, 42.69943497174859], [-0.013650682534123604, 42.69943497174859], [-0.3136656832841602, 42.85049252462623]]]}, "properties": {"id": "ES241", "na": "Huesca"}}, {"type": "Feature", "geometry": {"type": "Polygon", "coordinates": [[[3.1740087004350244, 42.43442172108605], [3.0465023251162577, 42.582829141457076], [3.0465023251162577, 42.63318165908296], [3.039001950097507, 42.802790139506975], [3.0427521376068825, 42.83724186209311], [2.8402420121006067, 42.89554477723886], [2.3677183859193, 42.802790139506975], [2.296464823241166, 42.707385369268465], [2.1652082604130243, 42.66498324916246], [2.0339516975848824, 42.63318165908296], [1.7864393219661032, 42.5748787439372], [1.7264363218160952, 42.503325166258314], [1.7301865093254705, 42.49272463623181], [1.9176958847942416, 42.45297264863243], [1.9851992599630002, 42.39996999849993], [2.0339516975848824, 42.36286814340717], [2.1427071353567726, 42.39996999849993], [2.236461823091158, 42.43177158857943], [2.296464823241166, 42.41587079353968], [2.3489674483724237, 42.39996999849993], [2.555227761388071, 42.34166708335417], [2.716485824291219, 42.39996999849993], [2.8852442622131136, 42.46092304615231], [3.1740087004350244, 42.43442172108605]]]}, "properties": {"id": "FRJ15", "na": "Pyrénées-Orientales"}}, {"type": "Feature", "geometry": {"type": "Polygon", "coordinates": [[[1.7864393219661032, 42.5748787439372], [2.0339516975848824, 42.63318165908296], [2.1652082604130243, 42.66498324916246], [1.8989449472473652, 42.802790139506975], [1.981449072453625, 42.90349517475874], [1.9664483224161238, 43.07310365518276], [1.6889344467223388, 43.27451372568628], [1.3701685084254258, 43.26391319565978], [1.2426621331066592, 43.131406570328515], [1.0514025701285092, 43.11020551027551], [0.8901445072253651, 42.93794689734487], [0.856392819640984, 42.8266413320666], [0.9051452572628662, 42.813390669533476], [1.3214160708035436, 42.71003550177509], [1.411420571028554, 42.63318165908296], [1.4414220711035597, 42.60403020151008], [1.505175258762943, 42.63318165908296], [1.5276763838191947, 42.64113205660283], [1.5651782589129475, 42.63318165908296], [1.7864393219661032, 42.5748787439372]]]}, "properties": {"id": "FRJ21", "na": "Ariège"}}, {"type": "Feature", "geometry": {"type": "Polygon", "coordinates": [[[-3.5388269413470645, 41.16500825041252], [-3.208810440522022, 41.305465273263664], [-3.5238261913095634, 41.56252812640632], [-3.5725786289314456, 41.56252812640632], [-3.7450872543627156, 41.48302415120756], [-3.9325966298314903, 41.56252812640632], [-3.981349067453369, 41.58372918645932], [-4.090104505225259, 41.49362468123406], [-4.457622881144054, 41.40882044102205], [-4.7238861943097135, 41.14910745537277], [-4.408870443522172, 40.65088254412721], [-4.318865943297162, 40.64823241162058], [-4.273863693184655, 40.67738386919346], [-4.161358067903393, 40.69063453172659], [-3.985099254962744, 40.804590229511476], [-3.9025951297564845, 40.95034751737587], [-3.5388269413470645, 41.16500825041252]]]}, "properties": {"id": "ES416", "na": "Segovia"}}, {"type": "Feature", "geometry": {"type": "Polygon", "coordinates": [[[-5.421421071053551, 42.031601580079005], [-5.451422571128553, 41.99449972498625], [-5.522676133806687, 42.097854892744635], [-6.343967198359916, 42.20386019300965], [-6.602730136506825, 42.233011650582526], [-6.782739136956845, 42.254212710635535], [-6.816490824541226, 42.233011650582526], [-6.966498324916245, 42.13230661533077], [-6.985249262463121, 41.97064853242662], [-6.602730136506825, 41.93089654482724], [-6.5202260113005615, 41.70563528176409], [-6.310215510775535, 41.65793289664484], [-6.205210260513024, 41.56252812640632], [-6.343967198359916, 41.37966898344917], [-6.41522076103805, 41.345217260863045], [-6.445222261113052, 41.30281514075704], [-6.478973948697433, 41.29486474323716], [-6.343967198359916, 41.27101355067754], [-5.957697884894241, 41.162358117905896], [-5.878943947197357, 41.22861143057153], [-5.66893344667233, 41.2365618280914], [-5.346417320866042, 41.13850692534627], [-5.290164508225409, 41.180909045452275], [-5.327666383319162, 41.42737136856843], [-5.278913945697283, 41.56252812640632], [-5.361418070903543, 41.73743687184359], [-5.301415070753535, 41.965348267413376], [-5.376418820941044, 42.04220211010551], [-5.421421071053551, 42.031601580079005]]]}, "properties": {"id": "ES419", "na": "Zamora"}}, {"type": "Feature", "geometry": {"type": "MultiPolygon", "coordinates": [[[[-4.041352067603377, 41.769238461923095], [-4.4726236311815555, 41.779838991949596], [-4.66013300665033, 41.88054402720136], [-4.7838891944597215, 41.83549177458873], [-4.975148757437868, 41.92559627981399], [-4.918895944797239, 42.10315515775789], [-5.012650632531624, 42.16940847042352], [-5.005150257512874, 42.233011650582526], [-5.001400070003498, 42.28866443322166], [-5.241412070603527, 42.233011650582526], [-5.372668633431669, 42.20121006050303], [-5.376418820941044, 42.04220211010551], [-5.301415070753535, 41.965348267413376], [-5.361418070903543, 41.73743687184359], [-5.278913945697283, 41.56252812640632], [-5.327666383319162, 41.42737136856843], [-5.290164508225409, 41.180909045452275], [-5.12515625781289, 41.133206660333016], [-4.7238861943097135, 41.14910745537277], [-4.457622881144054, 41.40882044102205], [-4.090104505225259, 41.49362468123406], [-3.981349067453369, 41.58372918645932], [-4.041352067603377, 41.769238461923095]]], [[[-5.522676133806687, 42.097854892744635], [-5.451422571128553, 41.99449972498625], [-5.421421071053551, 42.031601580079005], [-5.473923696184809, 42.050152507625384], [-5.522676133806687, 42.097854892744635]]]]}, "properties": {"id": "ES418", "na": "Valladolid"}}, {"type": "Feature", "geometry": {"type": "Polygon", "coordinates": [[[-6.782739136956845, 42.254212710635535], [-6.752737636881843, 42.3443172158608], [-6.820241012050602, 42.44767238361918], [-6.842742137106853, 42.47947397369869], [-7.075253762688131, 42.50862543127157], [-7.131506575328764, 42.44767238361918], [-7.199009950497523, 42.37081854092705], [-7.352767638381916, 42.43177158857943], [-7.544027201360066, 42.39466973348667], [-7.712785639281961, 42.44767238361918], [-7.8402920146007276, 42.49007450372519], [-7.930296514825738, 42.57752887644382], [-8.192809640482022, 42.54837741887094], [-8.324066203310164, 42.44767238361918], [-8.230311515575778, 42.233011650582526], [-8.200310015500772, 42.15350767538377], [-8.102805140257011, 42.03690184509226], [-8.196559827991397, 41.92559627981399], [-8.166558327916395, 41.81959097954898], [-8.050302515125754, 41.81959097954898], [-7.735286764338216, 41.90174508725436], [-7.4165208260413, 41.827541377068854], [-7.199009950497523, 41.88054402720136], [-7.157757887894391, 41.973298664933246], [-6.985249262463121, 41.97064853242662], [-6.966498324916245, 42.13230661533077], [-6.816490824541226, 42.233011650582526], [-6.782739136956845, 42.254212710635535]]]}, "properties": {"id": "ES113", "na": "Ourense"}}, {"type": "Feature", "geometry": {"type": "MultiPolygon", "coordinates": [[[[-2.7662883144157178, 42.667633381669084], [-2.5937796889844478, 42.65438271913596], [-2.5825291264563184, 42.696784839241964], [-2.575028751437568, 42.733886694334714], [-2.5825291264563184, 42.73918695934797], [-2.7325366268313402, 42.792189609480474], [-2.8337916895844764, 42.794839741987104], [-2.8637931896594786, 42.73918695934797], [-2.7662883144157178, 42.667633381669084]]], [[[-3.036301815090752, 42.9829991499575], [-3.0888044402220096, 43.00155007750388], [-3.1413070653532635, 43.160558027901395], [-3.265063253162655, 43.18705935296765], [-3.4188209410470485, 43.13405670283514], [-3.65133256662833, 43.15525776288815], [-3.880094004700233, 43.03070153507676], [-3.940097004850241, 42.95384769238462], [-3.9025951297564845, 42.898194909745484], [-3.8425921296064764, 42.81074053702685], [-4.000100005000249, 42.76833841692085], [-4.045102255112752, 42.765688284414225], [-4.082604130206509, 42.76038801940097], [-4.258862943147154, 42.67293364668234], [-4.285114255712784, 42.44767238361918], [-4.315115755787787, 42.41057052852643], [-4.236361818090902, 42.233011650582526], [-4.202610130506521, 42.156157807890395], [-4.003850192509624, 42.03425171258563], [-3.970098504925243, 41.936196809840496], [-4.0676033801690075, 41.84079203960198], [-4.041352067603377, 41.769238461923095], [-3.981349067453369, 41.58372918645932], [-3.9325966298314903, 41.56252812640632], [-3.7450872543627156, 41.48302415120756], [-3.5725786289314456, 41.56252812640632], [-3.5238261913095634, 41.56252812640632], [-3.280064003200156, 41.81959097954898], [-3.1375568778438883, 41.84079203960198], [-2.912545627281361, 42.02365118255913], [-3.092554627731385, 42.185309265463275], [-3.062553127656379, 42.44767238361918], [-3.0888044402220096, 42.53512675633782], [-3.058802940147004, 42.6172808640432], [-3.0250512525626263, 42.63583179158958], [-2.856292814640728, 42.638481924096205], [-2.9537976898844924, 42.69943497174859], [-3.205060253012647, 42.861093054652734], [-3.152557627881393, 42.898194909745484], [-3.036301815090752, 42.9829991499575]]]]}, "properties": {"id": "ES412", "na": "Burgos"}}, {"type": "Feature", "geometry": {"type": "Polygon", "coordinates": [[[-7.930296514825738, 42.57752887644382], [-7.915295764788237, 42.6172808640432], [-7.8852942647132345, 42.69943497174859], [-8.001550077503872, 42.8478423921196], [-8.189059452972646, 42.85314265713286], [-8.331566578328914, 42.802790139506975], [-8.684084204210208, 42.69943497174859], [-8.72533626681334, 42.688834441722086], [-8.834091704585227, 42.44767238361918], [-8.785339266963344, 42.37081854092705], [-8.830341517075851, 42.27806390319516], [-8.789089454472723, 42.233011650582526], [-8.867843392169608, 42.087254362718134], [-8.864093204660232, 41.87259362968149], [-8.609080454022699, 42.05280264013201], [-8.200310015500772, 42.15350767538377], [-8.230311515575778, 42.233011650582526], [-8.324066203310164, 42.44767238361918], [-8.192809640482022, 42.54837741887094], [-7.930296514825738, 42.57752887644382]]]}, "properties": {"id": "ES114", "na": "Pontevedra"}}, {"type": "Feature", "geometry": {"type": "MultiPolygon", "coordinates": [[[[-4.041352067603377, 41.769238461923095], [-4.0676033801690075, 41.84079203960198], [-3.970098504925243, 41.936196809840496], [-4.003850192509624, 42.03425171258563], [-4.202610130506521, 42.156157807890395], [-4.236361818090902, 42.233011650582526], [-4.315115755787787, 42.41057052852643], [-4.285114255712784, 42.44767238361918], [-4.258862943147154, 42.67293364668234], [-4.082604130206509, 42.76038801940097], [-4.165108255412768, 42.802790139506975], [-4.225111255562776, 42.898194909745484], [-4.251362568128403, 42.94324716235812], [-4.427621381069052, 43.04130206510325], [-4.738886944347215, 43.02010100505025], [-4.828891444572225, 42.898194909745484], [-4.900145007250359, 42.802790139506975], [-4.900145007250359, 42.69943497174859], [-4.900145007250359, 42.6172808640432], [-4.903895194759734, 42.44767238361918], [-5.001400070003498, 42.28866443322166], [-5.005150257512874, 42.233011650582526], [-5.012650632531624, 42.16940847042352], [-4.918895944797239, 42.10315515775789], [-4.975148757437868, 41.92559627981399], [-4.7838891944597215, 41.83549177458873], [-4.66013300665033, 41.88054402720136], [-4.4726236311815555, 41.779838991949596], [-4.041352067603377, 41.769238461923095]]], [[[-3.9963498174908736, 42.802790139506975], [-4.030101505075251, 42.802790139506975], [-4.045102255112752, 42.765688284414225], [-4.000100005000249, 42.76833841692085], [-3.9963498174908736, 42.802790139506975]]]]}, "properties": {"id": "ES414", "na": "Palencia"}}, {"type": "Feature", "geometry": {"type": "Polygon", "coordinates": [[[-4.900145007250359, 42.802790139506975], [-4.828891444572225, 42.898194909745484], [-4.738886944347215, 43.02010100505025], [-4.840142007100354, 43.1817590879544], [-4.922646132306614, 43.218860943047154], [-5.143907195359766, 43.09695484774239], [-5.695184759237961, 43.036001800090006], [-5.811440572028598, 42.96974848742437], [-6.017700885044249, 43.06780339016951], [-6.291464573228659, 43.03070153507676], [-6.377718885944294, 43.03865193259663], [-6.523976198809937, 42.92204610230512], [-6.823991199559977, 42.91409570478524], [-7.011500575028748, 42.68618430921546], [-7.075253762688131, 42.50862543127157], [-6.842742137106853, 42.47947397369869], [-6.820241012050602, 42.44767238361918], [-6.752737636881843, 42.3443172158608], [-6.782739136956845, 42.254212710635535], [-6.602730136506825, 42.233011650582526], [-6.343967198359916, 42.20386019300965], [-5.522676133806687, 42.097854892744635], [-5.473923696184809, 42.050152507625384], [-5.421421071053551, 42.031601580079005], [-5.376418820941044, 42.04220211010551], [-5.372668633431669, 42.20121006050303], [-5.241412070603527, 42.233011650582526], [-5.001400070003498, 42.28866443322166], [-4.903895194759734, 42.44767238361918], [-4.900145007250359, 42.6172808640432], [-4.900145007250359, 42.69943497174859], [-4.900145007250359, 42.802790139506975]]]}, "properties": {"id": "ES413", "na": "León"}}, {"type": "Feature", "geometry": {"type": "Polygon", "coordinates": [[[-7.161508075403766, 43.3911195559778], [-7.030251512575628, 43.54482724136207], [-7.259012950647531, 43.584579228961445], [-7.4615230761538065, 43.71443572178609], [-7.701535076753835, 43.73563678183909], [-7.757787889394468, 43.51037551877594], [-7.9452972648632425, 43.22151107555378], [-7.919045952297612, 42.96974848742437], [-7.967798389919494, 42.898194909745484], [-8.001550077503872, 42.8478423921196], [-7.8852942647132345, 42.69943497174859], [-7.915295764788237, 42.6172808640432], [-7.930296514825738, 42.57752887644382], [-7.8402920146007276, 42.49007450372519], [-7.712785639281961, 42.44767238361918], [-7.544027201360066, 42.39466973348667], [-7.352767638381916, 42.43177158857943], [-7.199009950497523, 42.37081854092705], [-7.131506575328764, 42.44767238361918], [-7.075253762688131, 42.50862543127157], [-7.011500575028748, 42.68618430921546], [-6.823991199559977, 42.91409570478524], [-6.936496824841239, 43.04130206510325], [-6.853992699634979, 43.14465723286165], [-6.943997199859989, 43.15790789539477], [-7.161508075403766, 43.3911195559778]]]}, "properties": {"id": "ES112", "na": "Lugo"}}, {"type": "Feature", "geometry": {"type": "Polygon", "coordinates": [[[-3.4188209410470485, 43.13405670283514], [-3.4225711285564238, 43.24271213560678], [-3.265063253162655, 43.255962798139905], [-3.152557627881393, 43.354017700885045], [-3.5875793789689467, 43.50242512125607], [-3.7900895044752225, 43.43882194109705], [-3.8613430671533564, 43.481224061203065], [-4.513875693784687, 43.393769688484426], [-4.543877193859689, 43.295714785739285], [-4.840142007100354, 43.1817590879544], [-4.738886944347215, 43.02010100505025], [-4.427621381069052, 43.04130206510325], [-4.251362568128403, 42.94324716235812], [-4.225111255562776, 42.898194909745484], [-4.165108255412768, 42.802790139506975], [-4.082604130206509, 42.76038801940097], [-4.045102255112752, 42.765688284414225], [-4.030101505075251, 42.802790139506975], [-3.9963498174908736, 42.802790139506975], [-4.000100005000249, 42.76833841692085], [-3.8425921296064764, 42.81074053702685], [-3.9025951297564845, 42.898194909745484], [-3.940097004850241, 42.95384769238462], [-3.880094004700233, 43.03070153507676], [-3.65133256662833, 43.15525776288815], [-3.4188209410470485, 43.13405670283514]]]}, "properties": {"id": "ES130", "na": "Cantabria"}}, {"type": "Feature", "geometry": {"type": "Polygon", "coordinates": [[[-8.001550077503872, 42.8478423921196], [-7.967798389919494, 42.898194909745484], [-7.919045952297612, 42.96974848742437], [-7.9452972648632425, 43.22151107555378], [-7.757787889394468, 43.51037551877594], [-7.701535076753835, 43.73563678183909], [-7.911545577278861, 43.73828691434572], [-8.241562078103904, 43.5686784339217], [-8.297814890744537, 43.50242512125607], [-8.279063953197657, 43.372568628431424], [-8.860343017150857, 43.31161558077904], [-9.134106705335263, 43.17380869043453], [-9.246612330616529, 42.99094954747737], [-9.134106705335263, 42.898194909745484], [-9.149107455372768, 42.802790139506975], [-8.984099204960245, 42.763038151907594], [-9.010350517525875, 42.69943497174859], [-9.002850142507125, 42.56692834641732], [-8.72533626681334, 42.688834441722086], [-8.684084204210208, 42.69943497174859], [-8.331566578328914, 42.802790139506975], [-8.189059452972646, 42.85314265713286], [-8.001550077503872, 42.8478423921196]]]}, "properties": {"id": "ES111", "na": "A Coruña"}}, {"type": "Feature", "geometry": {"type": "Polygon", "coordinates": [[[-4.840142007100354, 43.1817590879544], [-4.543877193859689, 43.295714785739285], [-4.513875693784687, 43.393769688484426], [-5.181409070453519, 43.47327366368319], [-5.38766938346917, 43.55012750637532], [-5.66143307165358, 43.55012750637532], [-5.841442072103604, 43.642882144107205], [-6.291464573228659, 43.5686784339217], [-7.030251512575628, 43.54482724136207], [-7.161508075403766, 43.3911195559778], [-6.943997199859989, 43.15790789539477], [-6.853992699634979, 43.14465723286165], [-6.936496824841239, 43.04130206510325], [-6.823991199559977, 42.91409570478524], [-6.523976198809937, 42.92204610230512], [-6.377718885944294, 43.03865193259663], [-6.291464573228659, 43.03070153507676], [-6.017700885044249, 43.06780339016951], [-5.811440572028598, 42.96974848742437], [-5.695184759237961, 43.036001800090006], [-5.143907195359766, 43.09695484774239], [-4.922646132306614, 43.218860943047154], [-4.840142007100354, 43.1817590879544]]]}, "properties": {"id": "ES120", "na": "Asturias"}}, {"type": "Feature", "geometry": {"type": "Polygon", "coordinates": [[[4.257812890644537, 39.964498224911246], [4.171558577928899, 40.059902995149756], [3.9352967648382453, 40.062553127656386], [3.82279113955698, 40.049302465123255], [3.7927896394819776, 40.01750087504375], [3.826541327066355, 39.993649682484126], [3.8190409520476045, 39.927396369818496], [3.957797889894497, 39.93799689984499], [4.02155107755388, 39.92209610480524], [4.209060453022655, 39.82669133456673], [4.272813640682038, 39.80814040702035], [4.306565328266416, 39.866443322166106], [4.257812890644537, 39.964498224911246]]]}, "properties": {"id": "ES533", "na": "Menorca"}}, {"type": "Feature", "geometry": {"type": "Polygon", "coordinates": [[[5.671633581679089, 43.179108955447774], [5.832891644582233, 43.062503125156255], [6.294164708235414, 43.10755537776889], [6.639181959097961, 43.17645882294115], [6.721686084304217, 43.38581929096455], [6.901695084754245, 43.44147207360368], [6.931696584829247, 43.481224061203065], [6.856692834641734, 43.613730686534325], [6.6354317715885855, 43.7886394319716], [6.294164708235414, 43.76478823941197], [6.219160958047908, 43.78333916695835], [6.020401020051004, 43.68528426421321], [5.75788789439472, 43.730336516825844], [5.754137706885345, 43.72503625181259], [5.78788939446973, 43.682634131706585], [5.697884894244716, 43.60578028901445], [5.727886394319718, 43.51037551877594], [5.746637331866594, 43.44147207360368], [5.701635081754091, 43.38846942347118], [5.739136956847844, 43.27451372568628], [5.671633581679089, 43.179108955447774]]]}, "properties": {"id": "FRL05", "na": "Var"}}, {"type": "Feature", "geometry": {"type": "Polygon", "coordinates": [[[5.671633581679089, 43.179108955447774], [5.739136956847844, 43.27451372568628], [5.701635081754091, 43.38846942347118], [5.746637331866594, 43.44147207360368], [5.727886394319718, 43.51037551877594], [5.697884894244716, 43.60578028901445], [5.78788939446973, 43.682634131706585], [5.754137706885345, 43.72503625181259], [5.4691234561728095, 43.67733386669333], [4.737836891844594, 43.923796189809494], [4.6140807040352065, 43.701185059252964], [4.490324516225815, 43.682634131706585], [4.291564578228915, 43.51037551877594], [4.231561578078907, 43.46002300115006], [4.527826391319568, 43.44147207360368], [4.6665833291664605, 43.364618230911546], [4.8915945797289915, 43.420271013550675], [5.071603580179016, 43.3381169058453], [5.30411520576029, 43.33281664083204], [5.401620081004054, 43.2135606780339], [5.671633581679089, 43.179108955447774]]]}, "properties": {"id": "FRL04", "na": "Bouches-du-Rhône"}}, {"type": "Feature", "geometry": {"type": "Polygon", "coordinates": [[[4.647832391619584, 44.270963548177406], [4.509075453772692, 44.329266463323165], [4.197809890494529, 44.28686434321716], [4.081554077703888, 44.33456672833642], [3.9990499524976286, 44.45912295614781], [3.9240462023101195, 44.37961898094905], [3.8790439521976126, 44.16230811540577], [3.5265263263163185, 44.11990599529977], [3.372768638431925, 44.17025851292565], [3.3202660133006674, 44.13315665783289], [3.4252712635631823, 44.01655082754138], [3.3577678883944237, 43.91319565978299], [3.5490274513725737, 43.85224261213061], [3.7815390769538517, 43.944997249862496], [4.149057452872647, 43.71973598679934], [4.175308765438274, 43.642882144107205], [4.100305015250765, 43.55542777138857], [4.160308015400773, 43.51037551877594], [4.231561578078907, 43.46002300115006], [4.291564578228915, 43.51037551877594], [4.490324516225815, 43.682634131706585], [4.6140807040352065, 43.701185059252964], [4.737836891844594, 43.923796189809494], [4.797839891994602, 44.02185109255463], [4.647832391619584, 44.270963548177406]]]}, "properties": {"id": "FRJ12", "na": "Gard"}}, {"type": "Feature", "geometry": {"type": "Polygon", "coordinates": [[[5.75788789439472, 43.730336516825844], [5.5891294564728256, 43.85224261213061], [5.499124956247819, 44.11460573028651], [5.041602080104006, 44.310715535776794], [4.985349267463377, 44.41142057102855], [4.899094954747742, 44.3637181859093], [4.876593829691487, 44.24711235561778], [4.651582579128959, 44.329266463323165], [4.647832391619584, 44.270963548177406], [4.797839891994602, 44.02185109255463], [4.737836891844594, 43.923796189809494], [5.4691234561728095, 43.67733386669333], [5.754137706885345, 43.72503625181259], [5.75788789439472, 43.730336516825844]]]}, "properties": {"id": "FRL06", "na": "Vaucluse"}}, {"type": "Feature", "geometry": {"type": "Polygon", "coordinates": [[[6.882944147207361, 43.93174658732937], [6.702935146757341, 44.17290864543227], [6.886694334716736, 44.361068053402676], [6.875443772188611, 44.522726136306815], [6.946697334866748, 44.65523276163808], [6.605430271513576, 44.45382269113456], [6.294164708235414, 44.48032401620081], [6.226661333066659, 44.40082004100205], [6.054152707635389, 44.456472823641185], [5.8403920196009835, 44.21266063303165], [5.682884144207215, 44.18880944047203], [5.499124956247819, 44.11460573028651], [5.5891294564728256, 43.85224261213061], [5.75788789439472, 43.730336516825844], [6.020401020051004, 43.68528426421321], [6.219160958047908, 43.78333916695835], [6.294164708235414, 43.76478823941197], [6.6354317715885855, 43.7886394319716], [6.882944147207361, 43.93174658732937]]]}, "properties": {"id": "FRL01", "na": "Alpes-de-Haute-Provence"}}, {"type": "Feature", "geometry": {"type": "Polygon", "coordinates": [[[7.066703335166764, 44.71353567678384], [7.010450522526128, 44.83014150707535], [6.777938896944853, 44.89639481974099], [6.63168158407921, 45.11105555277764], [6.432921646082306, 45.063353167658384], [6.260413020651036, 45.12695634781739], [6.2379118955947845, 45.04215210760538], [6.327916395819791, 44.957347867393366], [6.324166208310416, 44.88579428971448], [6.005400270013503, 44.822191109555476], [5.802890144507231, 44.705585279263964], [5.637881894094711, 44.628731436571826], [5.607880394019702, 44.48562428121406], [5.450372518625933, 44.445872293614684], [5.457872893644684, 44.36636831841592], [5.637881894094711, 44.300115005750285], [5.682884144207215, 44.18880944047203], [5.8403920196009835, 44.21266063303165], [6.054152707635389, 44.456472823641185], [6.226661333066659, 44.40082004100205], [6.294164708235414, 44.48032401620081], [6.605430271513576, 44.45382269113456], [6.946697334866748, 44.65523276163808], [7.066703335166764, 44.71353567678384]]]}, "properties": {"id": "FRL02", "na": "Hautes-Alpes"}}, {"type": "Feature", "geometry": {"type": "Polygon", "coordinates": [[[5.682884144207215, 44.18880944047203], [5.637881894094711, 44.300115005750285], [5.457872893644684, 44.36636831841592], [5.450372518625933, 44.445872293614684], [5.607880394019702, 44.48562428121406], [5.637881894094711, 44.628731436571826], [5.802890144507231, 44.705585279263964], [5.660383019150963, 44.726786339316966], [5.465373268663434, 44.83014150707535], [5.472873643682185, 45.02095104755238], [5.210360518025908, 45.08720436021801], [5.13160658032902, 45.27271363568178], [4.992849642482128, 45.33101655082754], [4.801590079503978, 45.29921496074804], [4.869093454672736, 44.93084654232712], [4.820341017050858, 44.83014150707535], [4.651582579128959, 44.329266463323165], [4.876593829691487, 44.24711235561778], [4.899094954747742, 44.3637181859093], [4.985349267463377, 44.41142057102855], [5.041602080104006, 44.310715535776794], [5.499124956247819, 44.11460573028651], [5.682884144207215, 44.18880944047203]]]}, "properties": {"id": "FRK23", "na": "Drôme"}}, {"type": "Feature", "geometry": {"type": "Polygon", "coordinates": [[[4.651582579128959, 44.329266463323165], [4.820341017050858, 44.83014150707535], [4.869093454672736, 44.93084654232712], [4.801590079503978, 45.29921496074804], [4.756587829391474, 45.36546827341367], [4.482824141207065, 45.23561178058903], [4.269063453172663, 44.981199059953], [3.8640432021601114, 44.74268713435672], [3.9990499524976286, 44.45912295614781], [4.081554077703888, 44.33456672833642], [4.197809890494529, 44.28686434321716], [4.509075453772692, 44.329266463323165], [4.647832391619584, 44.270963548177406], [4.651582579128959, 44.329266463323165]]]}, "properties": {"id": "FRK22", "na": "Ardèche"}}, {"type": "Feature", "geometry": {"type": "Polygon", "coordinates": [[[6.144157207860395, 45.41317065853293], [5.96789839491975, 45.47942397119856], [5.810390519525981, 45.43702185109255], [5.622881144057203, 45.614580729036454], [5.379118955947803, 45.86104305215261], [5.225361268063409, 45.78418920946047], [5.101605080254018, 45.81334066703335], [5.101605080254018, 45.69408470423521], [4.865343267163361, 45.58277913895695], [4.756587829391474, 45.45557277863893], [4.756587829391474, 45.36546827341367], [4.801590079503978, 45.29921496074804], [4.992849642482128, 45.33101655082754], [5.13160658032902, 45.27271363568178], [5.210360518025908, 45.08720436021801], [5.472873643682185, 45.02095104755238], [5.465373268663434, 44.83014150707535], [5.660383019150963, 44.726786339316966], [5.802890144507231, 44.705585279263964], [6.005400270013503, 44.822191109555476], [6.324166208310416, 44.88579428971448], [6.327916395819791, 44.957347867393366], [6.2379118955947845, 45.04215210760538], [6.260413020651036, 45.12695634781739], [6.144157207860395, 45.21441072053603], [6.144157207860395, 45.41317065853293]]]}, "properties": {"id": "FRK24", "na": "Isère"}}, {"type": "Feature", "geometry": {"type": "Polygon", "coordinates": [[[0.21886094304715442, 41.07225361268063], [0.26011300565028606, 41.122606130306515], [0.3838691934596774, 41.278963948197415], [0.3351167558377952, 41.40617030851543], [0.26011300565028606, 41.40617030851543], [-0.047402370118501125, 41.39821991099555], [-0.18240912045601831, 41.57312865643282], [-0.48617430871543377, 41.732136606830345], [-0.6661833091654543, 41.936196809840496], [-0.827441372068602, 41.99714985749287], [-0.748687434371714, 42.233011650582526], [-0.7449372468623388, 42.29661483074154], [-0.8649432471623548, 42.29926496324816], [-0.8911945597279818, 42.63318165908296], [-0.9024451222561112, 42.74183709185459], [-1.1237061853092634, 42.638481924096205], [-1.131206560328014, 42.63318165908296], [-1.2962148107405334, 42.46357317865893], [-1.3862193109655436, 42.27541377068854], [-1.3862193109655436, 42.233011650582526], [-1.3712185609280425, 42.021001050052504], [-1.4537226861343022, 41.952097604880244], [-1.847492374618728, 42.00775038751938], [-1.8549927496374785, 41.965348267413376], [-1.8174908745437257, 41.71623581179059], [-1.9599979998999935, 41.56782839141957], [-1.9749987499374946, 41.42472123606181], [-2.0837541877093813, 41.414120706035305], [-2.1325066253312635, 41.35316765838292], [-2.0950047502375106, 41.13850692534627], [-2.0500025001250037, 41.14645732286614], [-1.8287414370718515, 41.09875493774689], [-1.6187309365468252, 40.94504725236262], [-1.483724186209308, 40.968898444922246], [-1.3824691234561683, 41.066953347667386], [-1.3149657482874098, 41.05105255262763], [-1.1237061853092634, 41.13850692534627], [-0.7111855592779612, 41.133206660333016], [-0.6061803090154463, 41.30281514075704], [-0.5274263713185618, 41.33196659832991], [0.012600630031503357, 41.082854142707134], [0.21886094304715442, 41.07225361268063]], [[-1.0374518725936284, 42.46357317865893], [-1.05995299764988, 42.41322066103305], [-1.1762088104405208, 42.426471323566176], [-1.1049552477623834, 42.51922596129806], [-1.0374518725936284, 42.46357317865893]]]}, "properties": {"id": "ES243", "na": "Zaragoza"}}, {"type": "Feature", "geometry": {"type": "Polygon", "coordinates": [[[-2.4212710635531742, 42.49007450372519], [-2.5150257512875633, 42.49007450372519], [-2.5825291264563184, 42.49272463623181], [-2.638781939096951, 42.49272463623181], [-2.7137856892844603, 42.598729936496824], [-2.781289064453219, 42.6172808640432], [-2.856292814640728, 42.638481924096205], [-3.0250512525626263, 42.63583179158958], [-3.058802940147004, 42.6172808640432], [-3.0888044402220096, 42.53512675633782], [-3.062553127656379, 42.44767238361918], [-3.092554627731385, 42.185309265463275], [-2.912545627281361, 42.02365118255913], [-2.7737886894344683, 42.087254362718134], [-2.5825291264563184, 42.01570078503925], [-2.5150257512875633, 42.08460423021151], [-2.4850242512125575, 42.11375568778439], [-2.3500175008750404, 42.137606880344016], [-2.17000850042502, 42.08990449522476], [-2.0950047502375106, 41.99449972498625], [-2.053752687634379, 41.94149707485374], [-1.8549927496374785, 41.965348267413376], [-1.847492374618728, 42.00775038751938], [-1.7537376868843424, 42.15880794039702], [-1.7724886244312188, 42.233011650582526], [-1.967498374918744, 42.34696734836742], [-2.0950047502375106, 42.3867193359668], [-2.4212710635531742, 42.49007450372519]]]}, "properties": {"id": "ES230", "na": "La Rioja"}}, {"type": "Feature", "geometry": {"type": "MultiPolygon", "coordinates": [[[[-0.7261863093154624, 42.91939596979849], [-1.1237061853092634, 43.02805140257013], [-1.3112155607780345, 43.075753787689386], [-1.3899694984749225, 43.036001800090006], [-1.438721936096801, 43.04925246262313], [-1.468723436171807, 43.083704185209264], [-1.4199709985499247, 43.12610630531527], [-1.3899694984749225, 43.18705935296765], [-1.3899694984749225, 43.258612930646535], [-1.7274863743187119, 43.295714785739285], [-2.2525126256312795, 42.89554477723886], [-2.3237661883094134, 42.68618430921546], [-2.4137706885344237, 42.63318165908296], [-2.4362718135906754, 42.60403020151008], [-2.4212710635531742, 42.49007450372519], [-2.0950047502375106, 42.3867193359668], [-1.967498374918744, 42.34696734836742], [-1.7724886244312188, 42.233011650582526], [-1.7537376868843424, 42.15880794039702], [-1.847492374618728, 42.00775038751938], [-1.4537226861343022, 41.952097604880244], [-1.3712185609280425, 42.021001050052504], [-1.3862193109655436, 42.233011650582526], [-1.3862193109655436, 42.27541377068854], [-1.2962148107405334, 42.46357317865893], [-1.131206560328014, 42.63318165908296], [-1.1237061853092634, 42.638481924096205], [-0.9024451222561112, 42.74183709185459], [-0.793689684484221, 42.898194909745484], [-0.7261863093154624, 42.91939596979849]]], [[[-1.1762088104405208, 42.426471323566176], [-1.05995299764988, 42.41322066103305], [-1.0374518725936284, 42.46357317865893], [-1.1049552477623834, 42.51922596129806], [-1.1762088104405208, 42.426471323566176]]]]}, "properties": {"id": "ES220", "na": "Navarra"}}, {"type": "Feature", "geometry": {"type": "Polygon", "coordinates": [[[-2.2525126256312795, 42.89554477723886], [-2.537526876343815, 42.967098354917745], [-2.5450272513625656, 43.08900445022251], [-2.5825291264563184, 43.083704185209264], [-2.856292814640728, 43.04660233011651], [-2.946297314865742, 43.08635431771589], [-2.9800490024501194, 43.179108955447774], [-3.1413070653532635, 43.160558027901395], [-3.0888044402220096, 43.00155007750388], [-3.0663033151657544, 43.02275113755688], [-3.0438021901095027, 43.02805140257013], [-3.0138006900345005, 42.99889994499725], [-3.036301815090752, 42.9829991499575], [-3.152557627881393, 42.898194909745484], [-3.205060253012647, 42.861093054652734], [-2.9537976898844924, 42.69943497174859], [-2.856292814640728, 42.638481924096205], [-2.781289064453219, 42.6172808640432], [-2.7137856892844603, 42.598729936496824], [-2.638781939096951, 42.49272463623181], [-2.5825291264563184, 42.49272463623181], [-2.5150257512875633, 42.49007450372519], [-2.4212710635531742, 42.49007450372519], [-2.4362718135906754, 42.60403020151008], [-2.4137706885344237, 42.63318165908296], [-2.3237661883094134, 42.68618430921546], [-2.2525126256312795, 42.89554477723886]], [[-2.5825291264563184, 42.696784839241964], [-2.5937796889844478, 42.65438271913596], [-2.7662883144157178, 42.667633381669084], [-2.8637931896594786, 42.73918695934797], [-2.8337916895844764, 42.794839741987104], [-2.7325366268313402, 42.792189609480474], [-2.5825291264563184, 42.73918695934797], [-2.575028751437568, 42.733886694334714], [-2.5825291264563184, 42.696784839241964]]]}, "properties": {"id": "ES211", "na": "Araba/Álava"}}, {"type": "Feature", "geometry": {"type": "Polygon", "coordinates": [[[-2.5450272513625656, 43.08900445022251], [-2.537526876343815, 42.967098354917745], [-2.2525126256312795, 42.89554477723886], [-1.7274863743187119, 43.295714785739285], [-1.78748937446872, 43.35136756837842], [-2.0950047502375106, 43.30366518325916], [-2.173758687934395, 43.29306465323266], [-2.4137706885344237, 43.32221611080554], [-2.5150257512875633, 43.14465723286165], [-2.5450272513625656, 43.08900445022251]]]}, "properties": {"id": "ES212", "na": "Gipuzkoa"}}, {"type": "Feature", "geometry": {"type": "Polygon", "coordinates": [[[-0.3136656832841602, 42.85049252462623], [-0.2949147457372838, 42.898194909745484], [-0.2499124956247769, 43.014800740037], [-0.07365368268413164, 43.200310015500776], [-0.1486574328716408, 43.295714785739285], [-0.013650682534123604, 43.34871743587179], [-0.07365368268413164, 43.51037551877594], [-0.09615480774038332, 43.58192909645482], [-0.24241212060602635, 43.584579228961445], [-1.1237061853092634, 43.518325916295815], [-1.1949597479873972, 43.51037551877594], [-1.3899694984749225, 43.49712485624281], [-1.449972498624927, 43.51037551877594], [-1.524976248812436, 43.528926446322316], [-1.78748937446872, 43.35136756837842], [-1.7274863743187119, 43.295714785739285], [-1.3899694984749225, 43.258612930646535], [-1.3899694984749225, 43.18705935296765], [-1.4199709985499247, 43.12610630531527], [-1.468723436171807, 43.083704185209264], [-1.438721936096801, 43.04925246262313], [-1.3899694984749225, 43.036001800090006], [-1.3112155607780345, 43.075753787689386], [-1.1237061853092634, 43.02805140257013], [-0.7261863093154624, 42.91939596979849], [-0.6924346217310848, 42.898194909745484], [-0.5686784339216935, 42.816040802040106], [-0.3136656832841602, 42.85049252462623]]]}, "properties": {"id": "FRI15", "na": "Pyrénées-Atlantiques"}}, {"type": "Feature", "geometry": {"type": "MultiPolygon", "coordinates": [[[[-2.5450272513625656, 43.08900445022251], [-2.5150257512875633, 43.14465723286165], [-2.4137706885344237, 43.32221611080554], [-2.5150257512875633, 43.35666783339167], [-2.5825291264563184, 43.3805190259513], [-2.7625381269063425, 43.44147207360368], [-3.152557627881393, 43.354017700885045], [-3.265063253162655, 43.255962798139905], [-3.4225711285564238, 43.24271213560678], [-3.4188209410470485, 43.13405670283514], [-3.265063253162655, 43.18705935296765], [-3.1413070653532635, 43.160558027901395], [-2.9800490024501194, 43.179108955447774], [-2.946297314865742, 43.08635431771589], [-2.856292814640728, 43.04660233011651], [-2.5825291264563184, 43.083704185209264], [-2.5450272513625656, 43.08900445022251]]], [[[-3.0888044402220096, 43.00155007750388], [-3.036301815090752, 42.9829991499575], [-3.0138006900345005, 42.99889994499725], [-3.0438021901095027, 43.02805140257013], [-3.0663033151657544, 43.02275113755688], [-3.0888044402220096, 43.00155007750388]]]]}, "properties": {"id": "ES213", "na": "Bizkaia"}}, {"type": "Feature", "geometry": {"type": "Polygon", "coordinates": [[[0.07635381769088667, 43.982099104955246], [0.09135456772838779, 44.05100255012751], [0.10260513025651719, 44.09075453772689], [0.03135156757838331, 44.13315665783289], [-0.10365518275913388, 44.15700785039252], [-0.14115705785289023, 44.22591129556478], [-0.35866793339666714, 44.21266063303165], [-0.429921496074801, 44.31601580079004], [-0.6849342467123343, 44.443222161108054], [-0.913695684784237, 44.43262163108155], [-1.0562028101405048, 44.522726136306815], [-1.1237061853092634, 44.50417520876044], [-1.2549627481374053, 44.467073353667686], [-1.3749687484374178, 44.05100255012751], [-1.524976248812436, 43.528926446322316], [-1.449972498624927, 43.51037551877594], [-1.3899694984749225, 43.49712485624281], [-1.1949597479873972, 43.51037551877594], [-1.1237061853092634, 43.518325916295815], [-0.24241212060602635, 43.584579228961445], [-0.18990949547477243, 43.89729486474324], [-0.047402370118501125, 43.96354817740887], [0.05010250512525971, 43.91849592479624], [0.07635381769088667, 43.982099104955246]]]}, "properties": {"id": "FRI13", "na": "Landes"}}, {"type": "Feature", "geometry": {"type": "Polygon", "coordinates": [[[-0.039901995099750565, 45.103105155257765], [-0.2536626831341522, 45.11900595029752], [-0.3849192459622941, 45.169358467923395], [-0.44492224611230213, 45.27271363568178], [-0.7149357467873365, 45.32836641832092], [-0.7786889344467198, 45.296564828241415], [-1.0524526226311295, 45.516525826291314], [-1.1424571228561398, 45.47942397119856], [-1.23246162308115, 44.79833991699585], [-1.1124556227811375, 44.68438421921096], [-1.2099604980248984, 44.61283064153208], [-1.2549627481374053, 44.467073353667686], [-1.1237061853092634, 44.50417520876044], [-1.0562028101405048, 44.522726136306815], [-0.913695684784237, 44.43262163108155], [-0.6849342467123343, 44.443222161108054], [-0.429921496074801, 44.31601580079004], [-0.35866793339666714, 44.21266063303165], [-0.14115705785289023, 44.22591129556478], [-0.05865293264663052, 44.273613680684036], [-0.0024001200059977634, 44.50417520876044], [0.1363568178408947, 44.61813090654533], [0.1588579428971464, 44.726786339316966], [0.26011300565028606, 44.75328766438322], [0.29761488074403886, 44.7612380619031], [0.24511225561278494, 44.83809190459523], [0.05010250512525971, 44.85664283214161], [0.04635231761588443, 45.05010250512526], [-0.039901995099750565, 45.103105155257765]]]}, "properties": {"id": "FRI12", "na": "Gironde"}}, {"type": "Feature", "geometry": {"type": "MultiPolygon", "coordinates": [[[[-0.748687434371714, 46.30361518075904], [-1.0749537476873812, 46.319515975798794], [-1.1837091854592714, 46.1843592179609], [-1.0974548727436328, 46.041252062603135], [-1.1387069353467645, 45.88754437721886], [-1.191209560478022, 45.86634331716586], [-1.3112155607780345, 45.98824941247062], [-1.3412170608530403, 45.943197159857995], [-1.1949597479873972, 45.69938496924846], [-0.8386919345967279, 45.487374368718434], [-0.7149357467873365, 45.32836641832092], [-0.44492224611230213, 45.27271363568178], [-0.3849192459622941, 45.169358467923395], [-0.2536626831341522, 45.11900595029752], [-0.039901995099750565, 45.103105155257765], [0.005100255012752797, 45.190559527976404], [-0.2499124956247769, 45.34956747837392], [-0.25741287064352747, 45.47942397119856], [-0.3999199959997952, 45.64903245162258], [-0.40742037101854933, 45.74708735436772], [-0.15990799539976663, 45.81069053452673], [-0.10365518275913388, 45.96969848492425], [-0.6549327466373285, 46.176408820441026], [-0.748687434371714, 46.30361518075904]]], [[[-1.4049702485124236, 46.20026001300065], [-1.4049702485124236, 46.2373618680934], [-1.438721936096801, 46.2373618680934], [-1.4612230611530563, 46.21086054302715], [-1.4349717485874258, 46.1843592179609], [-1.4049702485124236, 46.20026001300065]]], [[[-1.457472873643681, 46.22146107305365], [-1.5137256862843103, 46.26386319315966], [-1.5737286864343183, 46.24796239811991], [-1.5399769988499408, 46.19760988049403], [-1.4724736236811822, 46.1949597479874], [-1.4612230611530563, 46.21086054302715], [-1.457472873643681, 46.22146107305365]]]]}, "properties": {"id": "FRI32", "na": "Charente-Maritime"}}, {"type": "Feature", "geometry": {"type": "Polygon", "coordinates": [[[9.020551027551384, 39.01310065503275], [9.043052152607636, 39.1747587379369], [9.08805440272014, 39.209210460523025], [9.144307215360769, 39.19065953297665], [9.223061153057657, 39.22511125556278], [9.365568278413924, 39.1747587379369], [9.444322216110812, 39.13500675033752], [9.48557427871394, 39.2065603280164], [9.444322216110812, 39.29401470073503], [9.3693184659233, 39.39736986849343], [9.3693184659233, 39.42387119355968], [9.279313965698286, 39.413270663533176], [9.26056302815141, 39.36821841092055], [9.178058902945153, 39.33376668833442], [9.110555527776391, 39.34171708585429], [8.863043152157609, 39.278113905695285], [8.844292214610732, 39.07140357017851], [8.908045402270119, 38.920346017300865], [9.020551027551384, 39.01310065503275]]]}, "properties": {"id": "ITG2F", "na": "Cagliari"}}, {"type": "Feature", "geometry": {"type": "MultiPolygon", "coordinates": [[[[9.463073153657689, 39.12705635281764], [9.545577278863945, 39.13765688284414], [9.57932896644833, 39.1747587379369], [9.65058252912646, 39.54842742137107], [9.425571278563929, 39.64648232411621], [9.3843192159608, 39.72598629931497], [9.410570528526428, 39.74718735936797], [9.36181809090455, 39.8134406720336], [9.418070903545178, 39.884994249712484], [9.380569028451426, 39.91679583979199], [9.279313965698286, 39.91679583979199], [9.166808340417028, 39.8346417320866], [9.001800090004501, 39.760438021901095], [8.874293714685741, 39.69153457672884], [8.71303565178259, 39.63323166158308], [8.503025151257567, 39.712735636781844], [8.458022901145064, 39.70743537176859], [8.394269713485677, 39.44772238611931], [8.401770088504428, 39.1747587379369], [8.36801840092005, 39.06875343767189], [8.405520276013803, 38.98394919745987], [8.521776088804444, 39.047552377618885], [8.611780589029458, 38.95744787239362], [8.630531526576334, 38.909745487274364], [8.874293714685741, 38.891194559727985], [8.908045402270119, 38.920346017300865], [8.844292214610732, 39.07140357017851], [8.863043152157609, 39.278113905695285], [9.110555527776391, 39.34171708585429], [9.178058902945153, 39.33376668833442], [9.26056302815141, 39.36821841092055], [9.279313965698286, 39.413270663533176], [9.3693184659233, 39.42387119355968], [9.3693184659233, 39.39736986849343], [9.444322216110812, 39.29401470073503], [9.48557427871394, 39.2065603280164], [9.444322216110812, 39.13500675033752], [9.463073153657689, 39.12705635281764]]], [[[8.330516525826297, 39.198609930496524], [8.255512775638785, 39.198609930496524], [8.225511275563782, 39.13500675033752], [8.289264463223162, 39.06875343767189], [8.330516525826297, 39.198609930496524]]]]}, "properties": {"id": "ITG2H", "na": "Sud Sardegna"}}, {"type": "Feature", "geometry": {"type": "Polygon", "coordinates": [[[9.166808340417028, 39.8346417320866], [8.998049902495126, 39.93269663483174], [8.971798589929499, 40.01750087504375], [9.028051402570135, 40.08375418770939], [8.986799339967, 40.187109355467776], [8.874293714685741, 40.20831041552078], [8.701785089254464, 40.19770988549428], [8.619280964048208, 40.31961598079904], [8.499274963748192, 40.4097204860243], [8.398019900995052, 40.407070353517675], [8.47677383869194, 40.25071253562678], [8.409270463523178, 39.93799689984499], [8.53302665133257, 39.86379318965948], [8.503025151257567, 39.712735636781844], [8.71303565178259, 39.63323166158308], [8.874293714685741, 39.69153457672884], [9.001800090004501, 39.760438021901095], [9.166808340417028, 39.8346417320866]]]}, "properties": {"id": "ITG2G", "na": "Oristano"}}, {"type": "Feature", "geometry": {"type": "Polygon", "coordinates": [[[9.65058252912646, 39.54842742137107], [9.721836091804597, 40.062553127656386], [9.628081404070208, 40.224211210560526], [9.808090404520229, 40.48922446122306], [9.748087404370224, 40.658832941647084], [9.57932896644833, 40.69063453172659], [9.30556527826392, 40.54222711135557], [9.18930946547328, 40.53692684634232], [9.256812840642034, 40.48922446122306], [9.151807590379526, 40.36466823341167], [9.020551027551384, 40.31696584829241], [8.874293714685741, 40.39381969098455], [8.619280964048208, 40.31961598079904], [8.701785089254464, 40.19770988549428], [8.874293714685741, 40.20831041552078], [8.986799339967, 40.187109355467776], [9.028051402570135, 40.08375418770939], [8.971798589929499, 40.01750087504375], [8.998049902495126, 39.93269663483174], [9.166808340417028, 39.8346417320866], [9.279313965698286, 39.91679583979199], [9.380569028451426, 39.91679583979199], [9.418070903545178, 39.884994249712484], [9.36181809090455, 39.8134406720336], [9.410570528526428, 39.74718735936797], [9.3843192159608, 39.72598629931497], [9.425571278563929, 39.64648232411621], [9.65058252912646, 39.54842742137107]]]}, "properties": {"id": "ITG2E", "na": "Nuoro"}}, {"type": "Feature", "geometry": {"type": "MultiPolygon", "coordinates": [[[[9.57932896644833, 40.69063453172659], [9.748087404370224, 40.658832941647084], [9.526826341317069, 41.02190109505475], [9.515575778788943, 41.13850692534627], [9.20431021551078, 41.24186209310466], [8.874293714685741, 41.01395069753488], [8.803040152007604, 40.93179658982949], [8.514275713785693, 40.82579128956448], [8.214260713035657, 40.85759287964398], [8.161758087904403, 40.5978798939947], [8.308015400770046, 40.56872843642182], [8.398019900995052, 40.407070353517675], [8.499274963748192, 40.4097204860243], [8.619280964048208, 40.31961598079904], [8.874293714685741, 40.39381969098455], [9.020551027551384, 40.31696584829241], [9.151807590379526, 40.36466823341167], [9.256812840642034, 40.48922446122306], [9.18930946547328, 40.53692684634232], [9.30556527826392, 40.54222711135557], [9.57932896644833, 40.69063453172659]]], [[[8.356767838391924, 41.045752287614384], [8.3755187759388, 41.09080454022701], [8.323016150807547, 41.14380719035952], [8.248012400620034, 41.10670533526677], [8.289264463223162, 41.045752287614384], [8.356767838391924, 41.045752287614384]]], [[[8.26676333816691, 40.96624831241562], [8.199259962998156, 40.998049902495126], [8.14300715035752, 40.93444672233612], [8.229261463073158, 40.87614380719036], [8.26676333816691, 40.96624831241562]]]]}, "properties": {"id": "ITG2D", "na": "Sassari"}}, {"type": "Feature", "geometry": {"type": "Polygon", "coordinates": [[[9.354317715885799, 41.62083104155208], [9.380569028451426, 41.66853342667133], [9.403070153507677, 41.85934296714836], [9.256812840642034, 41.87524376218811], [9.219310965548281, 41.98389919495975], [8.99429971498575, 42.214460723036154], [8.593029651482581, 42.37346867343367], [8.675533776688837, 41.94944747237362], [8.855542777138858, 41.66853342667133], [8.795539776988853, 41.62083104155208], [8.829291464573231, 41.546627331366565], [9.208060403020156, 41.39821991099555], [9.354317715885799, 41.62083104155208]]]}, "properties": {"id": "FRM01", "na": "Corse-du-Sud"}}, {"type": "Feature", "geometry": {"type": "Polygon", "coordinates": [[[8.593029651482581, 42.37346867343367], [8.99429971498575, 42.214460723036154], [9.219310965548281, 41.98389919495975], [9.256812840642034, 41.87524376218811], [9.403070153507677, 41.85934296714836], [9.455572778638938, 41.98389919495975], [9.545577278863945, 42.22771138556928], [9.523076153807693, 42.39996999849993], [9.496824841242066, 42.63318165908296], [9.463073153657689, 42.89554477723886], [9.410570528526428, 42.96444822241112], [9.350567528376423, 42.93529676483824], [9.290564528226419, 42.72063603180159], [9.10305515275764, 42.71268563428171], [8.911795589779494, 42.63318165908296], [8.761788089404476, 42.55897794889745], [8.593029651482581, 42.37346867343367]]]}, "properties": {"id": "FRM02", "na": "Haute-Corse"}}, {"type": "Feature", "geometry": {"type": "Polygon", "coordinates": [[[8.63428171408571, 44.37961898094905], [8.64928246412321, 44.482974148707434], [8.578028901445073, 44.50947547377369], [8.263013150657535, 44.52007600380019], [8.25176258812941, 44.52802640132007], [8.015500775038753, 44.11195559777989], [8.008000400020002, 44.000650032501625], [8.135506775338769, 43.93969698484924], [8.274263713185661, 44.12785639281964], [8.63428171408571, 44.37961898094905]]]}, "properties": {"id": "ITC32", "na": "Savona"}}, {"type": "Feature", "geometry": {"type": "Polygon", "coordinates": [[[9.47807390369519, 44.40877043852193], [9.493074653732691, 44.55717785889294], [9.20431021551078, 44.61283064153208], [9.133056652832643, 44.57572878643932], [8.945547277363872, 44.668483424171214], [8.889294464723243, 44.570428521426074], [8.645532276613835, 44.578378918945944], [8.578028901445073, 44.50947547377369], [8.64928246412321, 44.482974148707434], [8.63428171408571, 44.37961898094905], [8.769288464423227, 44.41937096854843], [9.133056652832643, 44.361068053402676], [9.511825591279568, 44.21796089804491], [9.47807390369519, 44.40877043852193]]]}, "properties": {"id": "ITC33", "na": "Genova"}}, {"type": "Feature", "geometry": {"type": "Polygon", "coordinates": [[[9.200560028001405, 44.687034351717585], [8.900545027251368, 45.0130006500325], [8.675533776688837, 45.044802240112006], [8.54802740137007, 45.169358467923395], [8.15050752537627, 45.169358467923395], [8.128006400320018, 45.12430621531077], [8.18050902545128, 45.03155157757888], [8.326766338316922, 45.04215210760538], [8.42427121356068, 44.83014150707535], [8.473023651182565, 44.76918845942297], [8.263013150657535, 44.52007600380019], [8.578028901445073, 44.50947547377369], [8.645532276613835, 44.578378918945944], [8.889294464723243, 44.570428521426074], [8.945547277363872, 44.668483424171214], [9.133056652832643, 44.57572878643932], [9.20431021551078, 44.61283064153208], [9.200560028001405, 44.687034351717585]]]}, "properties": {"id": "ITC18", "na": "Alessandria"}}, {"type": "Feature", "geometry": {"type": "MultiPolygon", "coordinates": [[[[10.513125656282817, 42.959147957397875], [10.70438521926097, 42.940597029851496], [10.7606380319016, 43.025401270063504], [10.715635781789096, 43.10755537776889], [10.648132406620334, 43.27186359317966], [10.520626031301568, 43.354017700885045], [10.498124906245316, 43.51037551877594], [10.47937396869844, 43.61903095154758], [10.299364968248419, 43.58192909645482], [10.344367218360922, 43.51037551877594], [10.505625281264066, 43.26126306315316], [10.513125656282817, 42.959147957397875]]], [[[10.449372468623437, 42.8478423921196], [10.41562078103906, 42.87434371718586], [10.37061853092655, 42.81869093454673], [10.26936346817341, 42.8266413320666], [10.243112155607783, 42.78688934446723], [10.183109155457778, 42.813390669533476], [10.09685484274214, 42.784239211960596], [10.130606530326517, 42.73123656182809], [10.359367968398423, 42.75773788689435], [10.426871343567186, 42.72063603180159], [10.449372468623437, 42.8478423921196]]], [[[9.886844342217117, 43.04660233011651], [9.83059152957648, 43.11550577528877], [9.7668383419171, 43.04130206510325], [9.82309115455773, 42.9829991499575], [9.886844342217117, 43.04660233011651]]]]}, "properties": {"id": "ITI16", "na": "Livorno"}}, {"type": "Feature", "geometry": {"type": "Polygon", "coordinates": [[[10.87689384469224, 43.51037551877594], [10.83189159457973, 43.547477373868695], [10.906895344767243, 43.67998399919996], [10.711885594279721, 43.78598929946497], [10.258112905645284, 43.81514075703785], [10.299364968248419, 43.58192909645482], [10.47937396869844, 43.61903095154758], [10.498124906245316, 43.51037551877594], [10.520626031301568, 43.354017700885045], [10.648132406620334, 43.27186359317966], [10.715635781789096, 43.10755537776889], [10.910645532276618, 43.16320816040802], [10.993149657482881, 43.364618230911546], [10.951897594879746, 43.452072603630185], [10.87689384469224, 43.51037551877594]]]}, "properties": {"id": "ITI17", "na": "Pisa"}}, {"type": "Feature", "geometry": {"type": "Polygon", "coordinates": [[[10.963148157407872, 43.81249062453123], [11.019400970048508, 43.87344367218361], [11.04940247012351, 44.09075453772689], [10.813140657032854, 44.117255862793144], [10.693134656732838, 44.15700785039252], [10.625631281564083, 44.11990599529977], [10.723136156807847, 44.056302815140754], [10.65938296914846, 43.89729486474324], [10.726886344317222, 43.81514075703785], [10.963148157407872, 43.81249062453123]]]}, "properties": {"id": "ITI13", "na": "Pistoia"}}, {"type": "Feature", "geometry": {"type": "Polygon", "coordinates": [[[10.726886344317222, 43.81514075703785], [10.65938296914846, 43.89729486474324], [10.723136156807847, 44.056302815140754], [10.625631281564083, 44.11990599529977], [10.471873593679689, 44.22591129556478], [10.254362718135908, 44.26831341567078], [10.194359717985904, 44.18880944047203], [10.216860843042156, 44.058952947647384], [10.14185709285465, 43.974148707435376], [10.258112905645284, 43.81514075703785], [10.711885594279721, 43.78598929946497], [10.726886344317222, 43.81514075703785]]]}, "properties": {"id": "ITI12", "na": "Lucca"}}, {"type": "Feature", "geometry": {"type": "Polygon", "coordinates": [[[10.14185709285465, 43.974148707435376], [10.216860843042156, 44.058952947647384], [10.194359717985904, 44.18880944047203], [10.254362718135908, 44.26831341567078], [10.14185709285465, 44.3531176558828], [9.898094904745243, 44.464423221161056], [9.688084404220213, 44.36636831841592], [10.044352217610886, 44.088104405220264], [10.018100905045259, 44.04570228511426], [10.14185709285465, 43.974148707435376]]]}, "properties": {"id": "ITI11", "na": "Massa-Carrara"}}, {"type": "Feature", "geometry": {"type": "Polygon", "coordinates": [[[10.018100905045259, 44.04570228511426], [10.044352217610886, 44.088104405220264], [9.688084404220213, 44.36636831841592], [9.59432971648583, 44.42467123356168], [9.47807390369519, 44.40877043852193], [9.511825591279568, 44.21796089804491], [9.800590029501478, 44.07220361018051], [10.018100905045259, 44.04570228511426]]]}, "properties": {"id": "ITC34", "na": "La Spezia"}}, {"type": "Feature", "geometry": {"type": "Polygon", "coordinates": [[[10.813140657032854, 44.117255862793144], [11.026901345067259, 44.339866993349666], [11.124406220311023, 44.5730786539327], [11.124406220311023, 44.75328766438322], [11.293164658232918, 44.803640182009104], [11.32316615830792, 44.851342567128356], [11.244412220611032, 44.95204760238012], [10.888144407220366, 44.91494574728736], [10.828141407070355, 44.83014150707535], [10.771888594429726, 44.56512825641282], [10.471873593679689, 44.22591129556478], [10.625631281564083, 44.11990599529977], [10.693134656732838, 44.15700785039252], [10.813140657032854, 44.117255862793144]]]}, "properties": {"id": "ITH54", "na": "Modena"}}, {"type": "Feature", "geometry": {"type": "Polygon", "coordinates": [[[10.471873593679689, 44.22591129556478], [10.771888594429726, 44.56512825641282], [10.828141407070355, 44.83014150707535], [10.888144407220366, 44.91494574728736], [10.696884844242213, 44.967948397419875], [10.505625281264066, 44.92289614480724], [10.453122656132813, 44.83014150707535], [10.381869093454675, 44.54392719635982], [10.14185709285465, 44.3531176558828], [10.254362718135908, 44.26831341567078], [10.471873593679689, 44.22591129556478]]]}, "properties": {"id": "ITH53", "na": "Reggio nell’Emilia"}}, {"type": "Feature", "geometry": {"type": "Polygon", "coordinates": [[[10.14185709285465, 44.3531176558828], [10.381869093454675, 44.54392719635982], [10.453122656132813, 44.83014150707535], [10.505625281264066, 44.92289614480724], [10.464373218660938, 44.936146807340364], [10.081854092704639, 45.044802240112006], [9.93184659232962, 44.83014150707535], [9.493074653732691, 44.55717785889294], [9.47807390369519, 44.40877043852193], [9.59432971648583, 44.42467123356168], [9.688084404220213, 44.36636831841592], [9.898094904745243, 44.464423221161056], [10.14185709285465, 44.3531176558828]]]}, "properties": {"id": "ITH52", "na": "Parma"}}, {"type": "Feature", "geometry": {"type": "Polygon", "coordinates": [[[9.493074653732691, 44.55717785889294], [9.93184659232962, 44.83014150707535], [10.081854092704639, 45.044802240112006], [9.890594529726492, 45.129606480324014], [9.729336466823348, 45.06600330016501], [9.54932746637332, 45.132256612830645], [9.410570528526428, 45.07130356517826], [9.309315465773295, 44.94144707235362], [9.354317715885799, 44.83014150707535], [9.294314715735794, 44.70823541177059], [9.200560028001405, 44.687034351717585], [9.20431021551078, 44.61283064153208], [9.493074653732691, 44.55717785889294]]]}, "properties": {"id": "ITH51", "na": "Piacenza"}}, {"type": "Feature", "geometry": {"type": "Polygon", "coordinates": [[[7.527976398819945, 43.78333916695835], [7.520476023801194, 43.88934446722336], [7.715485774288716, 44.06160308015401], [7.6029801490074576, 44.14375718785939], [7.385469273463677, 44.12255612780639], [7.036701835091762, 44.233861693084656], [6.886694334716736, 44.361068053402676], [6.702935146757341, 44.17290864543227], [6.882944147207361, 43.93174658732937], [6.6354317715885855, 43.7886394319716], [6.856692834641734, 43.613730686534325], [6.931696584829247, 43.481224061203065], [6.97669883494175, 43.51037551877594], [7.171708585429272, 43.642882144107205], [7.415470773538679, 43.72503625181259], [7.411720586029304, 43.730336516825844], [7.411720586029304, 43.73298664933247], [7.411720586029304, 43.73563678183909], [7.437971898594931, 43.751537576878846], [7.437971898594931, 43.748887444372215], [7.527976398819945, 43.78333916695835]]]}, "properties": {"id": "FRL03", "na": "Alpes-Maritimes"}}, {"type": "Feature", "geometry": {"type": "Polygon", "coordinates": [[[8.135506775338769, 43.93969698484924], [8.008000400020002, 44.000650032501625], [8.015500775038753, 44.11195559777989], [7.771738586929352, 44.13050652532627], [7.715485774288716, 44.06160308015401], [7.520476023801194, 43.88934446722336], [7.527976398819945, 43.78333916695835], [7.962998149907499, 43.85224261213061], [8.135506775338769, 43.93969698484924]]]}, "properties": {"id": "ITC31", "na": "Imperia"}}, {"type": "Feature", "geometry": {"type": "Polygon", "coordinates": [[[7.715485774288716, 44.06160308015401], [7.771738586929352, 44.13050652532627], [8.015500775038753, 44.11195559777989], [8.25176258812941, 44.52802640132007], [8.221761088054407, 44.716185809290465], [7.981749087454375, 44.83014150707535], [7.944247212360622, 44.84604230211511], [7.066703335166764, 44.71353567678384], [6.946697334866748, 44.65523276163808], [6.875443772188611, 44.522726136306815], [6.886694334716736, 44.361068053402676], [7.036701835091762, 44.233861693084656], [7.385469273463677, 44.12255612780639], [7.6029801490074576, 44.14375718785939], [7.715485774288716, 44.06160308015401]]]}, "properties": {"id": "ITC16", "na": "Cuneo"}}, {"type": "Feature", "geometry": {"type": "Polygon", "coordinates": [[[7.944247212360622, 44.84604230211511], [7.981749087454375, 44.83014150707535], [8.221761088054407, 44.716185809290465], [8.25176258812941, 44.52802640132007], [8.263013150657535, 44.52007600380019], [8.473023651182565, 44.76918845942297], [8.42427121356068, 44.83014150707535], [8.326766338316922, 45.04215210760538], [8.18050902545128, 45.03155157757888], [8.128006400320018, 45.12430621531077], [7.9479973998699975, 45.092504625231264], [7.944247212360622, 44.84604230211511]]]}, "properties": {"id": "ITC17", "na": "Asti"}}, {"type": "Feature", "geometry": {"type": "Polygon", "coordinates": [[[8.15050752537627, 45.169358467923395], [8.000500025001251, 45.238261913095656], [8.026751337566886, 45.402570128506426], [7.895494774738744, 45.59072953647683], [7.516725836291819, 45.58277913895695], [7.104205210260517, 45.46882344117206], [7.164208210410521, 45.402570128506426], [7.096704835241766, 45.23296164808241], [6.63168158407921, 45.11105555277764], [6.777938896944853, 44.89639481974099], [7.010450522526128, 44.83014150707535], [7.066703335166764, 44.71353567678384], [7.944247212360622, 44.84604230211511], [7.9479973998699975, 45.092504625231264], [8.128006400320018, 45.12430621531077], [8.15050752537627, 45.169358467923395]]]}, "properties": {"id": "ITC11", "na": "Torino"}}, {"type": "Feature", "geometry": {"type": "Polygon", "coordinates": [[[8.514275713785693, 45.31246562328116], [8.409270463523178, 45.43967198359918], [8.349267463373174, 45.77358867943397], [8.214260713035657, 45.932596629831494], [7.87674383719186, 45.92729636481824], [7.865493274663734, 45.91669583479174], [7.936746837341872, 45.72323616180809], [8.146757337866894, 45.75238761938097], [8.270513525676286, 45.66228311415571], [8.244262213110659, 45.500625031251566], [8.135506775338769, 45.39726986349318], [8.026751337566886, 45.402570128506426], [8.000500025001251, 45.238261913095656], [8.15050752537627, 45.169358467923395], [8.54802740137007, 45.169358467923395], [8.514275713785693, 45.31246562328116]]]}, "properties": {"id": "ITC12", "na": "Vercelli"}}, {"type": "Feature", "geometry": {"type": "Polygon", "coordinates": [[[7.936746837341872, 45.72323616180809], [7.895494774738744, 45.59072953647683], [8.026751337566886, 45.402570128506426], [8.135506775338769, 45.39726986349318], [8.244262213110659, 45.500625031251566], [8.270513525676286, 45.66228311415571], [8.146757337866894, 45.75238761938097], [7.936746837341872, 45.72323616180809]]]}, "properties": {"id": "ITC13", "na": "Biella"}}, {"type": "Feature", "geometry": {"type": "Polygon", "coordinates": [[[7.895494774738744, 45.59072953647683], [7.936746837341872, 45.72323616180809], [7.865493274663734, 45.91669583479174], [7.584229211460574, 45.96704835241762], [7.1529576478823955, 45.86369318465923], [7.044202210110512, 45.92199609980499], [6.80419020951048, 45.778888944447225], [6.9804490224511255, 45.62783139156958], [7.010450522526128, 45.51122556127807], [7.104205210260517, 45.46882344117206], [7.516725836291819, 45.58277913895695], [7.895494774738744, 45.59072953647683]]]}, "properties": {"id": "ITC20", "na": "Valle d’Aosta/Vallée d’Aoste"}}, {"type": "Feature", "geometry": {"type": "Polygon", "coordinates": [[[9.54932746637332, 45.132256612830645], [9.530576528826444, 45.16405820291015], [9.436821841092062, 45.187909395469774], [9.339316965848298, 45.31246562328116], [9.133056652832643, 45.307165358267916], [8.968048402420123, 45.28331416570829], [8.844292214610732, 45.39461973098655], [8.694284714235714, 45.307165358267916], [8.58552927646383, 45.34956747837392], [8.514275713785693, 45.31246562328116], [8.54802740137007, 45.169358467923395], [8.675533776688837, 45.044802240112006], [8.900545027251368, 45.0130006500325], [9.200560028001405, 44.687034351717585], [9.294314715735794, 44.70823541177059], [9.354317715885799, 44.83014150707535], [9.309315465773295, 44.94144707235362], [9.410570528526428, 45.07130356517826], [9.54932746637332, 45.132256612830645]]]}, "properties": {"id": "ITC48", "na": "Pavia"}}, {"type": "Feature", "geometry": {"type": "Polygon", "coordinates": [[[9.339316965848298, 45.31246562328116], [9.48557427871394, 45.44762238111906], [9.519325966298318, 45.50327516375819], [9.496824841242066, 45.63843192159608], [9.331816590829547, 45.54832741637082], [9.133056652832643, 45.58277913895695], [9.054302715135762, 45.622531126556325], [8.70553527676384, 45.55892794639732], [8.844292214610732, 45.39461973098655], [8.968048402420123, 45.28331416570829], [9.133056652832643, 45.307165358267916], [9.339316965848298, 45.31246562328116]]]}, "properties": {"id": "ITC4C", "na": "Milano"}}, {"type": "Feature", "geometry": {"type": "Polygon", "coordinates": [[[8.844292214610732, 45.39461973098655], [8.70553527676384, 45.55892794639732], [8.593029651482581, 45.82924146207311], [8.454272713635689, 45.86104305215261], [8.349267463373174, 45.77358867943397], [8.409270463523178, 45.43967198359918], [8.514275713785693, 45.31246562328116], [8.58552927646383, 45.34956747837392], [8.694284714235714, 45.307165358267916], [8.844292214610732, 45.39461973098655]]]}, "properties": {"id": "ITC15", "na": "Novara"}}, {"type": "Feature", "geometry": {"type": "Polygon", "coordinates": [[[9.054302715135762, 45.622531126556325], [9.133056652832643, 45.58277913895695], [9.331816590829547, 45.54832741637082], [9.496824841242066, 45.63843192159608], [9.47807390369519, 45.67023351167558], [9.331816590829547, 45.66758337916896], [9.245562278113908, 45.74178708935447], [9.133056652832643, 45.69408470423521], [9.054302715135762, 45.64638231911596], [9.054302715135762, 45.622531126556325]]]}, "properties": {"id": "ITC4D", "na": "Monza e della Brianza"}}, {"type": "Feature", "geometry": {"type": "Polygon", "coordinates": [[[9.054302715135762, 45.64638231911596], [8.949297464873247, 45.66228311415571], [8.911795589779494, 45.82924146207311], [8.829291464573231, 46.067753387669384], [8.71303565178259, 46.096904845242264], [8.593029651482581, 45.82924146207311], [8.70553527676384, 45.55892794639732], [9.054302715135762, 45.622531126556325], [9.054302715135762, 45.64638231911596]]]}, "properties": {"id": "ITC41", "na": "Varese"}}, {"type": "Feature", "geometry": {"type": "Polygon", "coordinates": [[[9.245562278113908, 45.74178708935447], [9.331816590829547, 45.66758337916896], [9.47807390369519, 45.67023351167558], [9.526826341317069, 46.012100605030255], [9.414320716035803, 46.136656832841645], [9.290564528226419, 46.08365418270914], [9.309315465773295, 45.85309265463273], [9.245562278113908, 45.74178708935447]]]}, "properties": {"id": "ITC43", "na": "Lecco"}}, {"type": "Feature", "geometry": {"type": "Polygon", "coordinates": [[[9.245562278113908, 45.74178708935447], [9.309315465773295, 45.85309265463273], [9.290564528226419, 46.08365418270914], [9.414320716035803, 46.136656832841645], [9.3843192159608, 46.21086054302715], [9.249312465623284, 46.234711735586785], [9.159307965398277, 46.16845842292115], [9.028051402570135, 46.02005100255013], [9.039301965098261, 45.87164358217911], [8.911795589779494, 45.82924146207311], [8.949297464873247, 45.66228311415571], [9.054302715135762, 45.64638231911596], [9.133056652832643, 45.69408470423521], [9.245562278113908, 45.74178708935447]]]}, "properties": {"id": "ITC42", "na": "Como"}}, {"type": "Feature", "geometry": {"type": "Polygon", "coordinates": [[[8.349267463373174, 45.77358867943397], [8.454272713635689, 45.86104305215261], [8.593029651482581, 45.82924146207311], [8.71303565178259, 46.096904845242264], [8.465523276163815, 46.25061253062653], [8.458022901145064, 46.42022101105056], [8.383019150957551, 46.452022601130054], [8.109255462773142, 46.26386319315966], [8.135506775338769, 46.15255762788139], [7.87674383719186, 45.92729636481824], [8.214260713035657, 45.932596629831494], [8.349267463373174, 45.77358867943397]]]}, "properties": {"id": "ITC14", "na": "Verbano-Cusio-Ossola"}}, {"type": "Feature", "geometry": {"type": "Polygon", "coordinates": [[[7.104205210260517, 45.46882344117206], [7.010450522526128, 45.51122556127807], [6.9804490224511255, 45.62783139156958], [6.80419020951048, 45.778888944447225], [6.706685334266716, 45.74443722186109], [6.504175208760444, 45.884894244712235], [6.252912645632286, 45.68878443922196], [5.997899894994752, 45.768288414420724], [5.832891644582233, 45.93789689484474], [5.75788789439472, 45.7338366918346], [5.622881144057203, 45.614580729036454], [5.810390519525981, 45.43702185109255], [5.96789839491975, 45.47942397119856], [6.144157207860395, 45.41317065853293], [6.144157207860395, 45.21441072053603], [6.260413020651036, 45.12695634781739], [6.432921646082306, 45.063353167658384], [6.63168158407921, 45.11105555277764], [7.096704835241766, 45.23296164808241], [7.164208210410521, 45.402570128506426], [7.104205210260517, 45.46882344117206]]]}, "properties": {"id": "FRK27", "na": "Savoie"}}, {"type": "Feature", "geometry": {"type": "Polygon", "coordinates": [[[4.756587829391474, 45.45557277863893], [4.3853192659633, 45.683484174208715], [4.381569078453925, 45.86104305215261], [4.284064203210164, 46.02270113505675], [4.415320766038306, 46.15520776038802], [4.3890694534726755, 46.21881094054703], [4.284064203210164, 46.17110855542777], [3.987799389969503, 46.17905895294765], [3.8977948897444925, 46.27711385569279], [3.8077903895194787, 46.232061603080155], [3.8077903895194787, 45.998849942497124], [3.6952847642382167, 45.92994649732486], [3.7177858892944684, 45.7762388119406], [3.9690484524226264, 45.51387569378469], [3.8977948897444925, 45.3575178758938], [4.269063453172663, 45.3787189359468], [4.482824141207065, 45.23561178058903], [4.756587829391474, 45.36546827341367], [4.756587829391474, 45.45557277863893]]]}, "properties": {"id": "FRK25", "na": "Loire"}}, {"type": "Feature", "geometry": {"type": "Polygon", "coordinates": [[[5.101605080254018, 45.81334066703335], [4.94034701735087, 45.815990799539975], [4.771588579428975, 45.943197159857995], [4.779088954447726, 46.176408820441026], [4.651582579128959, 46.28771438571928], [4.430321516075807, 46.28506425321267], [4.3890694534726755, 46.21881094054703], [4.415320766038306, 46.15520776038802], [4.284064203210164, 46.02270113505675], [4.381569078453925, 45.86104305215261], [4.3853192659633, 45.683484174208715], [4.756587829391474, 45.45557277863893], [4.865343267163361, 45.58277913895695], [5.101605080254018, 45.69408470423521], [5.101605080254018, 45.81334066703335]]]}, "properties": {"id": "FRK26", "na": "Rhône"}}, {"type": "Feature", "geometry": {"type": "Polygon", "coordinates": [[[6.0654032701635145, 46.4149207460373], [5.851642582129109, 46.26916345817291], [5.641632081604087, 46.319515975798794], [5.4953747687384435, 46.271813590679535], [5.311615580779041, 46.44672233611681], [5.1503575178758965, 46.505025251262566], [4.944097204860245, 46.49707485374269], [4.779088954447726, 46.176408820441026], [4.771588579428975, 45.943197159857995], [4.94034701735087, 45.815990799539975], [5.101605080254018, 45.81334066703335], [5.225361268063409, 45.78418920946047], [5.379118955947803, 45.86104305215261], [5.622881144057203, 45.614580729036454], [5.75788789439472, 45.7338366918346], [5.832891644582233, 45.93789689484474], [5.825391269563482, 46.078353917695885], [5.956647832391624, 46.13135656782839], [6.125406270313519, 46.31686584329216], [6.144157207860395, 46.3725186259313], [6.0654032701635145, 46.4149207460373]]]}, "properties": {"id": "FRK21", "na": "Ain"}}, {"type": "Feature", "geometry": {"type": "Polygon", "coordinates": [[[7.044202210110512, 45.92199609980499], [6.815440772038606, 46.15785789289465], [6.819190959547981, 46.42817140857043], [6.500425021251068, 46.44937246862344], [6.219160958047908, 46.311565578278916], [6.234161708085409, 46.19760988049403], [5.956647832391624, 46.13135656782839], [5.825391269563482, 46.078353917695885], [5.832891644582233, 45.93789689484474], [5.997899894994752, 45.768288414420724], [6.252912645632286, 45.68878443922196], [6.504175208760444, 45.884894244712235], [6.706685334266716, 45.74443722186109], [6.80419020951048, 45.778888944447225], [7.044202210110512, 45.92199609980499]]]}, "properties": {"id": "FRK28", "na": "Haute-Savoie"}}, {"type": "Feature", "geometry": {"type": "Polygon", "coordinates": [[[5.394119705985304, 46.47852392619631], [5.367868393419677, 46.55537776888845], [5.424121206060306, 46.65873293664683], [5.390369518475929, 46.86809340467023], [5.255362768138411, 46.9793989699485], [4.67783389169459, 46.929046452322616], [4.209060453022655, 47.15430771538577], [4.0703035151757625, 47.04300215010751], [4.02155107755388, 46.7912395619781], [3.834041702085109, 46.724986249312465], [3.627781389069458, 46.7488374418721], [3.6465323266163345, 46.70113505675284], [3.7215360768038437, 46.6242812140607], [3.7440372018600954, 46.550077503875194], [3.991549577478878, 46.465273263663185], [3.9840492024601275, 46.32746637331867], [3.8977948897444925, 46.27711385569279], [3.987799389969503, 46.17905895294765], [4.284064203210164, 46.17110855542777], [4.3890694534726755, 46.21881094054703], [4.430321516075807, 46.28506425321267], [4.651582579128959, 46.28771438571928], [4.779088954447726, 46.176408820441026], [4.944097204860245, 46.49707485374269], [5.1503575178758965, 46.505025251262566], [5.311615580779041, 46.44672233611681], [5.394119705985304, 46.47852392619631]]]}, "properties": {"id": "FRC13", "na": "Saône-et-Loire"}}, {"type": "Feature", "geometry": {"type": "Polygon", "coordinates": [[[6.136656832841645, 46.55802790139507], [6.072903645182265, 46.618980949047454], [6.177908895444773, 46.77533876693835], [5.79538976948848, 47.04035201760088], [5.7991399569978554, 47.151657582879146], [5.697884894244716, 47.265613280664034], [5.517875893794695, 47.305365268263415], [5.255362768138411, 46.9793989699485], [5.390369518475929, 46.86809340467023], [5.424121206060306, 46.65873293664683], [5.367868393419677, 46.55537776888845], [5.394119705985304, 46.47852392619631], [5.311615580779041, 46.44672233611681], [5.4953747687384435, 46.271813590679535], [5.641632081604087, 46.319515975798794], [5.851642582129109, 46.26916345817291], [6.0654032701635145, 46.4149207460373], [6.136656832841645, 46.55802790139507]]]}, "properties": {"id": "FRC22", "na": "Jura"}}, {"type": "Feature", "geometry": {"type": "Polygon", "coordinates": [[[11.428171408570435, 44.949397469873496], [11.20691034551728, 45.05275263763188], [11.20691034551728, 45.10840542027101], [11.04190209510476, 45.121656082804144], [10.726886344317222, 45.31246562328116], [10.655632781639085, 45.41582079103955], [10.47937396869844, 45.39461973098655], [10.318115905795295, 45.20381019050953], [10.438121906095311, 45.11900595029752], [10.434371718585936, 45.05805290264513], [10.516875843792192, 45.05275263763188], [10.464373218660938, 44.936146807340364], [10.505625281264066, 44.92289614480724], [10.696884844242213, 44.967948397419875], [10.888144407220366, 44.91494574728736], [11.244412220611032, 44.95204760238012], [11.428171408570435, 44.949397469873496]]]}, "properties": {"id": "ITC4B", "na": "Mantova"}}, {"type": "Feature", "geometry": {"type": "Polygon", "coordinates": [[[10.318115905795295, 45.20381019050953], [9.954347717385872, 45.32041602080104], [9.890594529726492, 45.42642132106606], [9.519325966298318, 45.50327516375819], [9.48557427871394, 45.44762238111906], [9.489324466223316, 45.37606880344018], [9.890594529726492, 45.129606480324014], [10.081854092704639, 45.044802240112006], [10.464373218660938, 44.936146807340364], [10.516875843792192, 45.05275263763188], [10.434371718585936, 45.05805290264513], [10.438121906095311, 45.11900595029752], [10.318115905795295, 45.20381019050953]]]}, "properties": {"id": "ITC4A", "na": "Cremona"}}, {"type": "Feature", "geometry": {"type": "Polygon", "coordinates": [[[9.54932746637332, 45.132256612830645], [9.729336466823348, 45.06600330016501], [9.890594529726492, 45.129606480324014], [9.489324466223316, 45.37606880344018], [9.48557427871394, 45.44762238111906], [9.339316965848298, 45.31246562328116], [9.436821841092062, 45.187909395469774], [9.530576528826444, 45.16405820291015], [9.54932746637332, 45.132256612830645]]]}, "properties": {"id": "ITC49", "na": "Lodi"}}, {"type": "Feature", "geometry": {"type": "Polygon", "coordinates": [[[11.41692084604231, 45.129606480324014], [11.41692084604231, 45.21971098554928], [11.48817440872044, 45.264763238161905], [11.139406970348524, 45.69673483674184], [10.918145907295369, 45.70733536676834], [10.839391969598488, 45.83189159457973], [10.644382219110959, 45.61193059652983], [10.655632781639085, 45.41582079103955], [10.726886344317222, 45.31246562328116], [11.04190209510476, 45.121656082804144], [11.20691034551728, 45.10840542027101], [11.3869193459673, 45.06600330016501], [11.41692084604231, 45.129606480324014]]]}, "properties": {"id": "ITH31", "na": "Verona"}}, {"type": "Feature", "geometry": {"type": "Polygon", "coordinates": [[[9.890594529726492, 45.42642132106606], [9.856842842142115, 45.56422821141057], [10.051852592629636, 45.69938496924846], [10.115605780289016, 45.92994649732486], [10.20561028051403, 46.012100605030255], [10.168108405420277, 46.05715285764288], [9.688084404220213, 46.05980299014951], [9.526826341317069, 46.012100605030255], [9.47807390369519, 45.67023351167558], [9.496824841242066, 45.63843192159608], [9.519325966298318, 45.50327516375819], [9.890594529726492, 45.42642132106606]]]}, "properties": {"id": "ITC46", "na": "Bergamo"}}, {"type": "Feature", "geometry": {"type": "Polygon", "coordinates": [[[10.839391969598488, 45.83189159457973], [10.524376218810943, 45.82129106455323], [10.468123406170314, 45.998849942497124], [10.573128656432829, 46.26386319315966], [10.516875843792192, 46.34336716835842], [10.190609530476529, 46.16845842292115], [10.168108405420277, 46.05715285764288], [10.20561028051403, 46.012100605030255], [10.115605780289016, 45.92994649732486], [10.051852592629636, 45.69938496924846], [9.856842842142115, 45.56422821141057], [9.890594529726492, 45.42642132106606], [9.954347717385872, 45.32041602080104], [10.318115905795295, 45.20381019050953], [10.47937396869844, 45.39461973098655], [10.655632781639085, 45.41582079103955], [10.644382219110959, 45.61193059652983], [10.839391969598488, 45.83189159457973]]]}, "properties": {"id": "ITC47", "na": "Brescia"}}, {"type": "Feature", "geometry": {"type": "Polygon", "coordinates": [[[10.516875843792192, 46.34336716835842], [10.621881094054707, 46.44937246862344], [10.453122656132813, 46.531526576328815], [10.216860843042156, 46.62163108155408], [10.108105405270265, 46.5818790939547], [10.051852592629636, 46.46792339616981], [10.130606530326517, 46.40167008350417], [10.156857842892151, 46.271813590679535], [10.093104655232764, 46.24001200060003], [9.913095654782744, 46.369868493424676], [9.568078403920197, 46.30626531326567], [9.436821841092062, 46.47852392619631], [9.316815840792046, 46.49707485374269], [9.264313215660785, 46.452022601130054], [9.249312465623284, 46.234711735586785], [9.3843192159608, 46.21086054302715], [9.414320716035803, 46.136656832841645], [9.526826341317069, 46.012100605030255], [9.688084404220213, 46.05980299014951], [10.168108405420277, 46.05715285764288], [10.190609530476529, 46.16845842292115], [10.516875843792192, 46.34336716835842]]]}, "properties": {"id": "ITC44", "na": "Sondrio"}}, {"type": "Feature", "geometry": {"type": "Polygon", "coordinates": [[[6.924196209810496, 47.52267613380669], [6.9391969598479974, 47.43257162858143], [7.130456522826144, 47.50412520626031], [7.040452022601137, 47.66843342167108], [6.845442272113608, 47.82214110705536], [6.822941147057357, 47.81419070953548], [6.777938896944853, 47.66843342167108], [6.8079403970198555, 47.56242812140607], [6.924196209810496, 47.52267613380669]]]}, "properties": {"id": "FRC24", "na": "Territoire de Belfort"}}, {"type": "Feature", "geometry": {"type": "Polygon", "coordinates": [[[3.241512075603783, 43.2135606780339], [2.9414970748537463, 43.324866243312165], [2.746487324366221, 43.27451372568628], [2.611480574028704, 43.30366518325916], [2.5664783239162006, 43.422921146057305], [2.296464823241166, 43.43087154357718], [2.030201510075507, 43.43617180859043], [1.8539426971348583, 43.42557127856393], [1.6889344467223388, 43.27451372568628], [1.9664483224161238, 43.07310365518276], [1.981449072453625, 42.90349517475874], [1.8989449472473652, 42.802790139506975], [2.1652082604130243, 42.66498324916246], [2.296464823241166, 42.707385369268465], [2.3677183859193, 42.802790139506975], [2.8402420121006067, 42.89554477723886], [3.0427521376068825, 42.83724186209311], [3.0652532626631377, 42.99889994499725], [3.241512075603783, 43.2135606780339]]]}, "properties": {"id": "FRJ11", "na": "Aude"}}, {"type": "Feature", "geometry": {"type": "Polygon", "coordinates": [[[0.6276313815690813, 42.948547427371366], [0.4663733186659371, 43.13405670283514], [0.6051302565128296, 43.31161558077904], [0.26011300565028606, 43.372568628431424], [0.1851092554627769, 43.38581929096455], [0.06510325516276083, 43.51037551877594], [-0.0024001200059977634, 43.58192909645482], [-0.09615480774038332, 43.58192909645482], [-0.07365368268413164, 43.51037551877594], [-0.013650682534123604, 43.34871743587179], [-0.1486574328716408, 43.295714785739285], [-0.07365368268413164, 43.200310015500776], [-0.2499124956247769, 43.014800740037], [-0.2949147457372838, 42.898194909745484], [-0.3136656832841602, 42.85049252462623], [-0.013650682534123604, 42.69943497174859], [0.26011300565028606, 42.69943497174859], [0.47762388119406296, 42.69943497174859], [0.46262313115656184, 42.802790139506975], [0.5713785689284485, 42.898194909745484], [0.6276313815690813, 42.948547427371366]]]}, "properties": {"id": "FRJ26", "na": "Hautes-Pyrénées"}}, {"type": "Feature", "geometry": {"type": "Polygon", "coordinates": [[[1.6889344467223388, 43.27451372568628], [1.8539426971348583, 43.42557127856393], [2.030201510075507, 43.43617180859043], [1.910195509775491, 43.51037551877594], [1.7339366968348457, 43.62433121656083], [1.5539276963848216, 43.91849592479624], [1.2614130706535356, 43.79393969698485], [0.9538976948847484, 43.7886394319716], [1.152657632881649, 43.576628831441575], [1.0889044452222656, 43.51037551877594], [0.9801490074503754, 43.4017200860043], [0.9051452572628662, 43.39906995349767], [0.7738886944347243, 43.39906995349767], [0.6051302565128296, 43.31161558077904], [0.4663733186659371, 43.13405670283514], [0.6276313815690813, 42.948547427371366], [0.5713785689284485, 42.898194909745484], [0.46262313115656184, 42.802790139506975], [0.47762388119406296, 42.69943497174859], [0.6613830691534623, 42.69148457422871], [0.6688834441722129, 42.802790139506975], [0.7138856942847163, 42.85314265713286], [0.856392819640984, 42.8266413320666], [0.8901445072253651, 42.93794689734487], [1.0514025701285092, 43.11020551027551], [1.2426621331066592, 43.131406570328515], [1.3701685084254258, 43.26391319565978], [1.6889344467223388, 43.27451372568628]]]}, "properties": {"id": "FRJ23", "na": "Haute-Garonne"}}, {"type": "Feature", "geometry": {"type": "Polygon", "coordinates": [[[3.241512075603783, 43.2135606780339], [3.5490274513725737, 43.31161558077904], [3.6465323266163345, 43.383169158457925], [3.796539826991353, 43.44147207360368], [3.9127956397819936, 43.51037551877594], [3.9502975148757464, 43.528926446322316], [4.100305015250765, 43.55542777138857], [4.175308765438274, 43.642882144107205], [4.149057452872647, 43.71973598679934], [3.7815390769538517, 43.944997249862496], [3.5490274513725737, 43.85224261213061], [3.3577678883944237, 43.91319565978299], [3.0877543877193894, 43.82309115455773], [3.0465023251162577, 43.70913545677284], [2.933996699834996, 43.69588479423972], [2.791489574478728, 43.62698134906746], [2.6489824491224603, 43.63758187909396], [2.645232261613085, 43.51037551877594], [2.645232261613085, 43.47062353117656], [2.5664783239162006, 43.422921146057305], [2.611480574028704, 43.30366518325916], [2.746487324366221, 43.27451372568628], [2.9414970748537463, 43.324866243312165], [3.241512075603783, 43.2135606780339]]]}, "properties": {"id": "FRJ13", "na": "Hérault"}}, {"type": "Feature", "geometry": {"type": "Polygon", "coordinates": [[[0.9801490074503754, 43.4017200860043], [1.0889044452222656, 43.51037551877594], [1.152657632881649, 43.576628831441575], [0.9538976948847484, 43.7886394319716], [0.9051452572628662, 43.84959247962398], [0.7401370068503468, 44.06425321266063], [0.26011300565028606, 44.00595029751488], [0.07635381769088667, 43.982099104955246], [0.05010250512525971, 43.91849592479624], [-0.047402370118501125, 43.96354817740887], [-0.18990949547477243, 43.89729486474324], [-0.24241212060602635, 43.584579228961445], [-0.09615480774038332, 43.58192909645482], [-0.0024001200059977634, 43.58192909645482], [0.06510325516276083, 43.51037551877594], [0.1851092554627769, 43.38581929096455], [0.26011300565028606, 43.372568628431424], [0.6051302565128296, 43.31161558077904], [0.7738886944347243, 43.39906995349767], [0.9051452572628662, 43.39906995349767], [0.9801490074503754, 43.4017200860043]]]}, "properties": {"id": "FRJ24", "na": "Gers"}}, {"type": "Feature", "geometry": {"type": "Polygon", "coordinates": [[[2.645232261613085, 43.47062353117656], [2.645232261613085, 43.51037551877594], [2.6489824491224603, 43.63758187909396], [2.791489574478728, 43.62698134906746], [2.933996699834996, 43.69588479423972], [2.6639831991599614, 43.77538876943847], [2.4764738236911867, 44.019200960048], [2.296464823241166, 44.13315665783289], [2.1239561978098926, 44.1861593079654], [1.9889494474723755, 44.14905745287265], [1.7114355717785905, 44.09605480274014], [1.5539276963848216, 43.91849592479624], [1.7339366968348457, 43.62433121656083], [1.910195509775491, 43.51037551877594], [2.030201510075507, 43.43617180859043], [2.296464823241166, 43.43087154357718], [2.5664783239162006, 43.422921146057305], [2.645232261613085, 43.47062353117656]]]}, "properties": {"id": "FRJ27", "na": "Tarn"}}, {"type": "Feature", "geometry": {"type": "Polygon", "coordinates": [[[1.5539276963848216, 43.91849592479624], [1.7114355717785905, 44.09605480274014], [1.9889494474723755, 44.14905745287265], [1.883944197209864, 44.339866993349666], [1.3664183209160505, 44.21796089804491], [1.0514025701285092, 44.3637181859093], [0.9238961948097426, 44.34251712585629], [0.8938946947347404, 44.167608380419026], [0.7401370068503468, 44.06425321266063], [0.9051452572628662, 43.84959247962398], [0.9538976948847484, 43.7886394319716], [1.2614130706535356, 43.79393969698485], [1.5539276963848216, 43.91849592479624]]]}, "properties": {"id": "FRJ28", "na": "Tarn-et-Garonne"}}, {"type": "Feature", "geometry": {"type": "Polygon", "coordinates": [[[3.372768638431925, 44.17025851292565], [3.1740087004350244, 44.24446222311116], [3.121506075303767, 44.45117255862793], [2.982749137456878, 44.64463223161158], [2.8589929496474866, 44.853992699634986], [2.7277363868193447, 44.92289614480724], [2.4914745737286914, 44.668483424171214], [2.296464823241166, 44.63138156907846], [2.2064603230161524, 44.6154807740387], [1.868943447172363, 44.482974148707434], [1.883944197209864, 44.339866993349666], [1.9889494474723755, 44.14905745287265], [2.1239561978098926, 44.1861593079654], [2.296464823241166, 44.13315665783289], [2.4764738236911867, 44.019200960048], [2.6639831991599614, 43.77538876943847], [2.933996699834996, 43.69588479423972], [3.0465023251162577, 43.70913545677284], [3.0877543877193894, 43.82309115455773], [3.3577678883944237, 43.91319565978299], [3.4252712635631823, 44.01655082754138], [3.3202660133006674, 44.13315665783289], [3.372768638431925, 44.17025851292565]]]}, "properties": {"id": "FRJ22", "na": "Aveyron"}}, {"type": "Feature", "geometry": {"type": "Polygon", "coordinates": [[[1.0514025701285092, 44.3637181859093], [1.021401070053507, 44.512125606280314], [1.073903695184761, 44.578378918945944], [0.9051452572628662, 44.620781039051955], [0.650132506625333, 44.68438421921096], [0.4176208810440549, 44.66583329166458], [0.29761488074403886, 44.7612380619031], [0.26011300565028606, 44.75328766438322], [0.1588579428971464, 44.726786339316966], [0.1363568178408947, 44.61813090654533], [-0.0024001200059977634, 44.50417520876044], [-0.05865293264663052, 44.273613680684036], [-0.14115705785289023, 44.22591129556478], [-0.10365518275913388, 44.15700785039252], [0.03135156757838331, 44.13315665783289], [0.10260513025651719, 44.09075453772689], [0.09135456772838779, 44.05100255012751], [0.07635381769088667, 43.982099104955246], [0.26011300565028606, 44.00595029751488], [0.7401370068503468, 44.06425321266063], [0.8938946947347404, 44.167608380419026], [0.9238961948097426, 44.34251712585629], [1.0514025701285092, 44.3637181859093]]]}, "properties": {"id": "FRI14", "na": "Lot-et-Garonne"}}, {"type": "Feature", "geometry": {"type": "Polygon", "coordinates": [[[3.5265263263163185, 44.11990599529977], [3.8790439521976126, 44.16230811540577], [3.9240462023101195, 44.37961898094905], [3.9990499524976286, 44.45912295614781], [3.8640432021601114, 44.74268713435672], [3.7327866393319695, 44.82484124206211], [3.47777388869444, 44.84339216960848], [3.361518075903799, 44.9705985299265], [3.1065053252662658, 44.86194309715486], [2.982749137456878, 44.64463223161158], [3.121506075303767, 44.45117255862793], [3.1740087004350244, 44.24446222311116], [3.372768638431925, 44.17025851292565], [3.5265263263163185, 44.11990599529977]]]}, "properties": {"id": "FRJ14", "na": "Lozère"}}, {"type": "Feature", "geometry": {"type": "Polygon", "coordinates": [[[1.883944197209864, 44.339866993349666], [1.868943447172363, 44.482974148707434], [2.2064603230161524, 44.6154807740387], [2.0639531976598846, 44.97589879493975], [1.7826891344567244, 44.936146807340364], [1.617680884044205, 45.03155157757888], [1.4489224461223102, 45.01830091504576], [1.4189209460473045, 44.87254362718136], [1.073903695184761, 44.578378918945944], [1.021401070053507, 44.512125606280314], [1.0514025701285092, 44.3637181859093], [1.3664183209160505, 44.21796089804491], [1.883944197209864, 44.339866993349666]]]}, "properties": {"id": "FRJ25", "na": "Lot"}}, {"type": "Feature", "geometry": {"type": "Polygon", "coordinates": [[[3.361518075903799, 44.9705985299265], [3.2227611380569066, 45.25151257562878], [3.1027551377568905, 45.354867743387175], [2.9564978248912475, 45.325716285814295], [2.5064753237661925, 45.47942397119856], [2.4764738236911867, 45.39726986349318], [2.296464823241166, 45.28861443072154], [2.2289614480724076, 45.24886244312216], [2.0639531976598846, 44.97589879493975], [2.2064603230161524, 44.6154807740387], [2.296464823241166, 44.63138156907846], [2.4914745737286914, 44.668483424171214], [2.7277363868193447, 44.92289614480724], [2.8589929496474866, 44.853992699634986], [2.982749137456878, 44.64463223161158], [3.1065053252662658, 44.86194309715486], [3.361518075903799, 44.9705985299265]]]}, "properties": {"id": "FRK12", "na": "Cantal"}}, {"type": "Feature", "geometry": {"type": "Polygon", "coordinates": [[[4.482824141207065, 45.23561178058903], [4.269063453172663, 45.3787189359468], [3.8977948897444925, 45.3575178758938], [3.5490274513725737, 45.39726986349318], [3.1027551377568905, 45.354867743387175], [3.2227611380569066, 45.25151257562878], [3.361518075903799, 44.9705985299265], [3.47777388869444, 44.84339216960848], [3.7327866393319695, 44.82484124206211], [3.8640432021601114, 44.74268713435672], [4.269063453172663, 44.981199059953], [4.482824141207065, 45.23561178058903]]]}, "properties": {"id": "FRK13", "na": "Haute-Loire"}}, {"type": "Feature", "geometry": {"type": "Polygon", "coordinates": [[[1.4489224461223102, 45.01830091504576], [1.2576628831441603, 45.18525926296315], [1.253912695634785, 45.44497224861243], [1.0401520076003834, 45.5774788739437], [0.9051452572628662, 45.59337966898345], [0.796389819490976, 45.60398019900995], [0.6313815690784566, 45.71528576428821], [0.37636881844092684, 45.47942397119856], [0.2713635681784119, 45.40787039351967], [0.26011300565028606, 45.37076853842692], [0.23761188059403437, 45.29126456322816], [0.005100255012752797, 45.190559527976404], [-0.039901995099750565, 45.103105155257765], [0.04635231761588443, 45.05010250512526], [0.05010250512525971, 44.85664283214161], [0.24511225561278494, 44.83809190459523], [0.29761488074403886, 44.7612380619031], [0.4176208810440549, 44.66583329166458], [0.650132506625333, 44.68438421921096], [0.9051452572628662, 44.620781039051955], [1.073903695184761, 44.578378918945944], [1.4189209460473045, 44.87254362718136], [1.4489224461223102, 45.01830091504576]]]}, "properties": {"id": "FRI11", "na": "Dordogne"}}, {"type": "Feature", "geometry": {"type": "Polygon", "coordinates": [[[2.0639531976598846, 44.97589879493975], [2.2289614480724076, 45.24886244312216], [2.296464823241166, 45.28861443072154], [2.4764738236911867, 45.39726986349318], [2.5064753237661925, 45.47942397119856], [2.4914745737286914, 45.73648682434122], [2.296464823241166, 45.683484174208715], [2.041452072603633, 45.749737486874345], [1.8989449472473652, 45.69938496924846], [1.253912695634785, 45.44497224861243], [1.2576628831441603, 45.18525926296315], [1.4489224461223102, 45.01830091504576], [1.617680884044205, 45.03155157757888], [1.7826891344567244, 44.936146807340364], [2.0639531976598846, 44.97589879493975]]]}, "properties": {"id": "FRI21", "na": "Corrèze"}}, {"type": "Feature", "geometry": {"type": "Polygon", "coordinates": [[[0.005100255012752797, 45.190559527976404], [0.23761188059403437, 45.29126456322816], [0.26011300565028606, 45.37076853842692], [0.2713635681784119, 45.40787039351967], [0.37636881844092684, 45.47942397119856], [0.6313815690784566, 45.71528576428821], [0.9013950697534909, 45.95909795489774], [0.8226411320566065, 46.12870643532177], [0.4888744437221888, 46.115455772788636], [0.3988699434971785, 46.05715285764288], [0.26011300565028606, 46.08365418270914], [0.19635981799090274, 46.09425471273563], [0.04635231761588443, 46.078353917695885], [-0.10365518275913388, 45.96969848492425], [-0.15990799539976663, 45.81069053452673], [-0.40742037101854933, 45.74708735436772], [-0.3999199959997952, 45.64903245162258], [-0.25741287064352747, 45.47942397119856], [-0.2499124956247769, 45.34956747837392], [0.005100255012752797, 45.190559527976404]]]}, "properties": {"id": "FRI31", "na": "Charente"}}, {"type": "Feature", "geometry": {"type": "Polygon", "coordinates": [[[3.8977948897444925, 45.3575178758938], [3.9690484524226264, 45.51387569378469], [3.7177858892944684, 45.7762388119406], [3.6952847642382167, 45.92994649732486], [3.5490274513725737, 46.01475073753688], [3.024001200060006, 46.107505375268765], [2.9002450122506147, 46.24531226561328], [2.5664783239162006, 46.1419570978549], [2.596479823991203, 45.980299014950745], [2.4352217610880587, 45.815990799539975], [2.4914745737286914, 45.73648682434122], [2.5064753237661925, 45.47942397119856], [2.9564978248912475, 45.325716285814295], [3.1027551377568905, 45.354867743387175], [3.5490274513725737, 45.39726986349318], [3.8977948897444925, 45.3575178758938]]]}, "properties": {"id": "FRK14", "na": "Puy-de-Dôme"}}, {"type": "Feature", "geometry": {"type": "Polygon", "coordinates": [[[1.8989449472473652, 45.69938496924846], [1.850192509625483, 45.808040402020104], [1.6551827591379613, 45.847792389619485], [1.5501775088754464, 45.94054702735137], [1.5276763838191947, 46.08630431521576], [1.3926696334816775, 46.21881094054703], [1.4151707585379292, 46.34601730086504], [1.1789089454472759, 46.3831191559578], [0.9051452572628662, 46.27711385569279], [0.856392819640984, 46.25591279563979], [0.8226411320566065, 46.12870643532177], [0.9013950697534909, 45.95909795489774], [0.6313815690784566, 45.71528576428821], [0.796389819490976, 45.60398019900995], [0.9051452572628662, 45.59337966898345], [1.0401520076003834, 45.5774788739437], [1.253912695634785, 45.44497224861243], [1.8989449472473652, 45.69938496924846]]]}, "properties": {"id": "FRI23", "na": "Haute-Vienne"}}, {"type": "Feature", "geometry": {"type": "Polygon", "coordinates": [[[2.5664783239162006, 46.1419570978549], [2.281464073203665, 46.42022101105056], [2.1689584479223996, 46.422871143557174], [1.7751887594379738, 46.43877193859693], [1.4151707585379292, 46.34601730086504], [1.3926696334816775, 46.21881094054703], [1.5276763838191947, 46.08630431521576], [1.5501775088754464, 45.94054702735137], [1.6551827591379613, 45.847792389619485], [1.850192509625483, 45.808040402020104], [1.8989449472473652, 45.69938496924846], [2.041452072603633, 45.749737486874345], [2.296464823241166, 45.683484174208715], [2.4914745737286914, 45.73648682434122], [2.4352217610880587, 45.815990799539975], [2.596479823991203, 45.980299014950745], [2.5664783239162006, 46.1419570978549]]]}, "properties": {"id": "FRI22", "na": "Creuse"}}, {"type": "Feature", "geometry": {"type": "Polygon", "coordinates": [[[3.627781389069458, 46.7488374418721], [3.5152757637881926, 46.68523426171309], [3.230261513075657, 46.69318465923296], [3.0315015750787566, 46.793889694484726], [2.686484324216213, 46.71173558677934], [2.570228511425576, 46.55272763638182], [2.281464073203665, 46.42022101105056], [2.5664783239162006, 46.1419570978549], [2.9002450122506147, 46.24531226561328], [3.024001200060006, 46.107505375268765], [3.5490274513725737, 46.01475073753688], [3.6952847642382167, 45.92994649732486], [3.8077903895194787, 45.998849942497124], [3.8077903895194787, 46.232061603080155], [3.8977948897444925, 46.27711385569279], [3.9840492024601275, 46.32746637331867], [3.991549577478878, 46.465273263663185], [3.7440372018600954, 46.550077503875194], [3.7215360768038437, 46.6242812140607], [3.6465323266163345, 46.70113505675284], [3.627781389069458, 46.7488374418721]]]}, "properties": {"id": "FRK11", "na": "Allier"}}, {"type": "Feature", "geometry": {"type": "Polygon", "coordinates": [[[-0.028651432571624724, 46.44142207110356], [0.012600630031503357, 46.84424221211061], [-0.10365518275913388, 47.064203210160514], [-0.2499124956247769, 47.101305065253264], [-0.8911945597279818, 46.976748837441875], [-0.7299364968248376, 46.81774088704435], [-0.5649282464123182, 46.385769288464424], [-0.748687434371714, 46.30361518075904], [-0.6549327466373285, 46.176408820441026], [-0.10365518275913388, 45.96969848492425], [0.04635231761588443, 46.078353917695885], [0.19635981799090274, 46.09425471273563], [0.12885644282214415, 46.18965948297415], [0.1588579428971464, 46.319515975798794], [0.06885344267213611, 46.33011650582529], [-0.028651432571624724, 46.44142207110356]]]}, "properties": {"id": "FRI33", "na": "Deux-Sèvres"}}, {"type": "Feature", "geometry": {"type": "Polygon", "coordinates": [[[1.1789089454472759, 46.3831191559578], [1.1376568828441442, 46.49442472123606], [0.9351467573378685, 46.59512975648782], [0.9051452572628662, 46.66138306915346], [0.8676433821691099, 46.7488374418721], [0.6651332566628376, 46.96084804240212], [0.36511825591279745, 46.947597379868995], [0.26011300565028606, 47.056252812640636], [0.05385269263463499, 47.16490824541227], [-0.10365518275913388, 47.064203210160514], [0.012600630031503357, 46.84424221211061], [-0.028651432571624724, 46.44142207110356], [0.06885344267213611, 46.33011650582529], [0.1588579428971464, 46.319515975798794], [0.12885644282214415, 46.18965948297415], [0.19635981799090274, 46.09425471273563], [0.26011300565028606, 46.08365418270914], [0.3988699434971785, 46.05715285764288], [0.4888744437221888, 46.115455772788636], [0.8226411320566065, 46.12870643532177], [0.856392819640984, 46.25591279563979], [0.9051452572628662, 46.27711385569279], [1.1789089454472759, 46.3831191559578]]]}, "properties": {"id": "FRI34", "na": "Vienne"}}, {"type": "Feature", "geometry": {"type": "Polygon", "coordinates": [[[2.1689584479223996, 46.422871143557174], [2.17645882294115, 46.64283214160708], [2.101455072753641, 46.73028651432571], [2.0789539476973893, 47.005900295014754], [1.9926996349817507, 47.109255462773135], [1.8351917595879819, 47.12515625781289], [1.8389419470973571, 47.22056102805141], [1.6964348217410894, 47.265613280664034], [1.325166258312919, 47.18610930546527], [1.3214160708035436, 47.085404270213516], [1.0851542577128903, 47.00855042752138], [0.9801490074503754, 46.76738836941847], [0.9051452572628662, 46.754137706885345], [0.8676433821691099, 46.7488374418721], [0.9051452572628662, 46.66138306915346], [0.9351467573378685, 46.59512975648782], [1.1376568828441442, 46.49442472123606], [1.1789089454472759, 46.3831191559578], [1.4151707585379292, 46.34601730086504], [1.7751887594379738, 46.43877193859693], [2.1689584479223996, 46.422871143557174]]]}, "properties": {"id": "FRB03", "na": "Indre"}}, {"type": "Feature", "geometry": {"type": "Polygon", "coordinates": [[[3.0315015750787566, 46.793889694484726], [3.069003450172513, 47.0006000300015], [2.9902495124756285, 47.2311615580779], [2.892744637231864, 47.33716685834292], [2.8739936996849877, 47.52002600130007], [2.6752337616880872, 47.496174808740435], [2.296464823241166, 47.604830241512076], [2.2402120106005334, 47.62073103655183], [2.146457322866148, 47.583629181459074], [2.2402120106005334, 47.45377268863443], [2.1427071353567726, 47.3875193759688], [2.131456572828643, 47.305365268263415], [1.8389419470973571, 47.22056102805141], [1.8351917595879819, 47.12515625781289], [1.9926996349817507, 47.109255462773135], [2.0789539476973893, 47.005900295014754], [2.101455072753641, 46.73028651432571], [2.17645882294115, 46.64283214160708], [2.1689584479223996, 46.422871143557174], [2.281464073203665, 46.42022101105056], [2.570228511425576, 46.55272763638182], [2.686484324216213, 46.71173558677934], [3.0315015750787566, 46.793889694484726]]]}, "properties": {"id": "FRB01", "na": "Cher"}}, {"type": "Feature", "geometry": {"type": "Polygon", "coordinates": [[[3.627781389069458, 46.7488374418721], [3.834041702085109, 46.724986249312465], [4.02155107755388, 46.7912395619781], [4.0703035151757625, 47.04300215010751], [4.209060453022655, 47.15430771538577], [4.107805390269515, 47.33981699084954], [3.7477873893694706, 47.3981199059953], [3.5490274513725737, 47.50677533876694], [3.2677633881694135, 47.48822441122056], [2.975248762438124, 47.57037851892595], [2.8739936996849877, 47.52002600130007], [2.892744637231864, 47.33716685834292], [2.9902495124756285, 47.2311615580779], [3.069003450172513, 47.0006000300015], [3.0315015750787566, 46.793889694484726], [3.230261513075657, 46.69318465923296], [3.5152757637881926, 46.68523426171309], [3.627781389069458, 46.7488374418721]]]}, "properties": {"id": "FRC12", "na": "Nièvre"}}, {"type": "Feature", "geometry": {"type": "Polygon", "coordinates": [[[0.8676433821691099, 46.7488374418721], [0.9051452572628662, 46.754137706885345], [0.9801490074503754, 46.76738836941847], [1.0851542577128903, 47.00855042752138], [1.3214160708035436, 47.085404270213516], [1.325166258312919, 47.18610930546527], [1.1189059452972678, 47.31331566578329], [1.0401520076003834, 47.594229711485575], [0.9051452572628662, 47.623381169058455], [0.6126306315315801, 47.69493474673734], [0.3801190059503021, 47.5968798439922], [0.23011150557528026, 47.60748037401871], [0.05385269263463499, 47.16490824541227], [0.26011300565028606, 47.056252812640636], [0.36511825591279745, 46.947597379868995], [0.6651332566628376, 46.96084804240212], [0.8676433821691099, 46.7488374418721]]]}, "properties": {"id": "FRB04", "na": "Indre-et-Loire"}}, {"type": "Feature", "geometry": {"type": "Polygon", "coordinates": [[[2.2402120106005334, 47.62073103655183], [2.150207510375523, 47.67903395169759], [1.763938196909848, 47.65783289164459], [1.5539276963848216, 47.7850392519626], [1.5201760088004441, 47.981149057452875], [1.2501625081254097, 47.962598129906496], [1.073903695184761, 48.08450422521126], [0.9051452572628662, 48.09775488774439], [0.8413920696034829, 48.10305515275764], [0.8338916945847323, 47.951997599879995], [0.6126306315315801, 47.69493474673734], [0.9051452572628662, 47.623381169058455], [1.0401520076003834, 47.594229711485575], [1.1189059452972678, 47.31331566578329], [1.325166258312919, 47.18610930546527], [1.6964348217410894, 47.265613280664034], [1.8389419470973571, 47.22056102805141], [2.131456572828643, 47.305365268263415], [2.1427071353567726, 47.3875193759688], [2.2402120106005334, 47.45377268863443], [2.146457322866148, 47.583629181459074], [2.2402120106005334, 47.62073103655183]]]}, "properties": {"id": "FRB05", "na": "Loir-et-Cher"}}, {"type": "Feature", "geometry": {"type": "Polygon", "coordinates": [[[4.107805390269515, 47.33981699084954], [4.085304265213264, 47.411370568528426], [4.231561578078907, 47.66843342167108], [4.325316265813296, 47.7850392519626], [4.291564578228915, 47.92549627481374], [3.901545077253868, 47.944047202360125], [3.5490274513725737, 48.320366018300916], [3.4140207010350565, 48.38926946347317], [3.084004200210014, 48.35216760838042], [2.937746887344371, 48.164008200410024], [3.1177558877943916, 48.00235011750588], [3.0052502625131297, 47.7956397819891], [2.862743137156862, 47.7426371318566], [2.975248762438124, 47.57037851892595], [3.2677633881694135, 47.48822441122056], [3.5490274513725737, 47.50677533876694], [3.7477873893694706, 47.3981199059953], [4.107805390269515, 47.33981699084954]]]}, "properties": {"id": "FRC14", "na": "Yonne"}}, {"type": "Feature", "geometry": {"type": "Polygon", "coordinates": [[[2.975248762438124, 47.57037851892595], [2.862743137156862, 47.7426371318566], [3.0052502625131297, 47.7956397819891], [3.1177558877943916, 48.00235011750588], [2.937746887344371, 48.164008200410024], [2.6414820741037097, 48.126906345317266], [2.513975698784943, 48.174608730436525], [2.4014700735036776, 48.320366018300916], [2.296464823241166, 48.31241562078104], [1.9926996349817507, 48.28591429571479], [1.970198509925499, 48.174608730436525], [1.5201760088004441, 47.981149057452875], [1.5539276963848216, 47.7850392519626], [1.763938196909848, 47.65783289164459], [2.150207510375523, 47.67903395169759], [2.2402120106005334, 47.62073103655183], [2.296464823241166, 47.604830241512076], [2.6752337616880872, 47.496174808740435], [2.8739936996849877, 47.52002600130007], [2.975248762438124, 47.57037851892595]]]}, "properties": {"id": "FRB06", "na": "Loiret"}}, {"type": "Feature", "geometry": {"type": "Polygon", "coordinates": [[[0.6126306315315801, 47.69493474673734], [0.8338916945847323, 47.951997599879995], [0.8413920696034829, 48.10305515275764], [0.796389819490976, 48.1931596579829], [0.4363718185909313, 48.32566628331416], [0.26011300565028606, 48.46612330616531], [-0.05490274513725524, 48.3813190659533], [-0.1299064953247644, 48.346867343367165], [-0.2124106205310241, 48.174608730436525], [-0.3174158707935355, 48.03150157507876], [-0.3024151207560344, 47.962598129906496], [-0.42242112105605045, 47.84334216710836], [-0.3811690584529188, 47.76118805940297], [-0.1674083704185172, 47.65518275913796], [0.23011150557528026, 47.60748037401871], [0.3801190059503021, 47.5968798439922], [0.6126306315315801, 47.69493474673734]]]}, "properties": {"id": "FRG04", "na": "Sarthe"}}, {"type": "Feature", "geometry": {"type": "Polygon", "coordinates": [[[7.021701085054254, 47.331866593329664], [6.9391969598479974, 47.37426871343567], [6.9391969598479974, 47.43257162858143], [6.924196209810496, 47.52267613380669], [6.8079403970198555, 47.56242812140607], [6.365418270913551, 47.50412520626031], [6.162908145407272, 47.392819640982054], [5.697884894244716, 47.265613280664034], [5.7991399569978554, 47.151657582879146], [5.79538976948848, 47.04035201760088], [6.177908895444773, 46.77533876693835], [6.072903645182265, 46.618980949047454], [6.136656832841645, 46.55802790139507], [6.4104205210260545, 46.754137706885345], [6.459172958647933, 46.85219260963048], [6.4629231461573085, 46.93434671733587], [6.8604430221511095, 47.16490824541227], [7.021701085054254, 47.331866593329664]]]}, "properties": {"id": "FRC21", "na": "Doubs"}}, {"type": "Feature", "geometry": {"type": "Polygon", "coordinates": [[[5.517875893794695, 47.305365268263415], [5.427871393569681, 47.44582229111455], [5.480374018700935, 47.583629181459074], [5.3753687684384275, 47.604830241512076], [5.004100205010253, 47.70818540927046], [4.910345517275868, 47.89104455222761], [4.704085204260217, 48.020901045052256], [4.291564578228915, 47.92549627481374], [4.325316265813296, 47.7850392519626], [4.231561578078907, 47.66843342167108], [4.085304265213264, 47.411370568528426], [4.107805390269515, 47.33981699084954], [4.209060453022655, 47.15430771538577], [4.67783389169459, 46.929046452322616], [5.255362768138411, 46.9793989699485], [5.517875893794695, 47.305365268263415]]]}, "properties": {"id": "FRC11", "na": "Côte-d’Or"}}, {"type": "Feature", "geometry": {"type": "Polygon", "coordinates": [[[6.8079403970198555, 47.56242812140607], [6.777938896944853, 47.66843342167108], [6.822941147057357, 47.81419070953548], [6.6091804590229515, 47.92549627481374], [6.485424271213567, 47.90164508225411], [6.365418270913551, 47.962598129906496], [6.226661333066659, 47.941397069853494], [6.0916545827291415, 48.01295064753238], [5.885394269713487, 47.92549627481374], [5.712885644282217, 47.816840842042104], [5.671633581679089, 47.692284614230715], [5.40537026851343, 47.66843342167108], [5.3753687684384275, 47.604830241512076], [5.480374018700935, 47.583629181459074], [5.427871393569681, 47.44582229111455], [5.517875893794695, 47.305365268263415], [5.697884894244716, 47.265613280664034], [6.162908145407272, 47.392819640982054], [6.365418270913551, 47.50412520626031], [6.8079403970198555, 47.56242812140607]]]}, "properties": {"id": "FRC23", "na": "Haute-Saône"}}, {"type": "Feature", "geometry": {"type": "Polygon", "coordinates": [[[5.885394269713487, 47.92549627481374], [5.68663433171659, 48.08450422521126], [5.68663433171659, 48.21966098304915], [5.4691234561728095, 48.36276813840692], [5.4691234561728095, 48.42107105355268], [4.989099454972752, 48.68343417170858], [4.876593829691487, 48.66488324416221], [4.775338766938351, 48.53767688384419], [4.670333516675836, 48.53237661883094], [4.67783389169459, 48.45022251112556], [4.842842142107109, 48.25941297064853], [4.827841392069608, 48.13220661033051], [4.737836891844594, 48.10040502025102], [4.704085204260217, 48.020901045052256], [4.910345517275868, 47.89104455222761], [5.004100205010253, 47.70818540927046], [5.3753687684384275, 47.604830241512076], [5.40537026851343, 47.66843342167108], [5.671633581679089, 47.692284614230715], [5.712885644282217, 47.816840842042104], [5.885394269713487, 47.92549627481374]]]}, "properties": {"id": "FRF24", "na": "Haute-Marne"}}, {"type": "Feature", "geometry": {"type": "Polygon", "coordinates": [[[6.822941147057357, 47.81419070953548], [6.845442272113608, 47.82214110705536], [7.197959897994906, 48.309765488274415], [7.089204460223016, 48.3707185359268], [7.122956147807393, 48.513825691284566], [6.811690584529231, 48.405170258512925], [6.616680834041709, 48.45287264363218], [6.365418270913551, 48.407820391019555], [6.001650082504128, 48.35481774088704], [5.889144457222862, 48.48467423371169], [5.765388269413478, 48.49527476373819], [5.4691234561728095, 48.42107105355268], [5.4691234561728095, 48.36276813840692], [5.68663433171659, 48.21966098304915], [5.68663433171659, 48.08450422521126], [5.885394269713487, 47.92549627481374], [6.0916545827291415, 48.01295064753238], [6.226661333066659, 47.941397069853494], [6.365418270913551, 47.962598129906496], [6.485424271213567, 47.90164508225411], [6.6091804590229515, 47.92549627481374], [6.822941147057357, 47.81419070953548]]]}, "properties": {"id": "FRF34", "na": "Vosges"}}, {"type": "Feature", "geometry": {"type": "Polygon", "coordinates": [[[4.704085204260217, 48.020901045052256], [4.737836891844594, 48.10040502025102], [4.827841392069608, 48.13220661033051], [4.842842142107109, 48.25941297064853], [4.67783389169459, 48.45022251112556], [4.670333516675836, 48.53237661883094], [4.39656982849143, 48.569478473923695], [4.254062703135162, 48.70993549677484], [4.055302765138261, 48.686084304215214], [3.7927896394819776, 48.521776088804444], [3.5565278263913243, 48.61983099154958], [3.4290214510725576, 48.49792489624481], [3.4140207010350565, 48.38926946347317], [3.5490274513725737, 48.320366018300916], [3.901545077253868, 47.944047202360125], [4.291564578228915, 47.92549627481374], [4.704085204260217, 48.020901045052256]]]}, "properties": {"id": "FRF22", "na": "Aube"}}, {"type": "Feature", "geometry": {"type": "Polygon", "coordinates": [[[7.081704085204265, 48.53502675133757], [6.935446772338622, 48.62248112405621], [6.365418270913551, 48.781489074453724], [6.2641632081604115, 48.91929596479824], [6.020401020051004, 49.02795139756988], [5.949147457372874, 49.091554577728886], [6.016650832541629, 49.266463323166164], [5.8928946447322375, 49.497024851242564], [5.817890894544732, 49.547377368868446], [5.735386769338469, 49.54472723636182], [5.4691234561728095, 49.497024851242564], [5.502875143757194, 49.42547127356368], [5.630381519075961, 49.42547127356368], [5.724136206810343, 49.35921796089805], [5.829141457072858, 49.02795139756988], [5.75038751937597, 48.765588279413976], [5.765388269413478, 48.49527476373819], [5.889144457222862, 48.48467423371169], [6.001650082504128, 48.35481774088704], [6.365418270913551, 48.407820391019555], [6.616680834041709, 48.45287264363218], [6.811690584529231, 48.405170258512925], [7.122956147807393, 48.513825691284566], [7.081704085204265, 48.53502675133757]]]}, "properties": {"id": "FRF31", "na": "Meurthe-et-Moselle"}}, {"type": "Feature", "geometry": {"type": "Polygon", "coordinates": [[[4.989099454972752, 48.68343417170858], [4.914095704785243, 48.82389119455973], [5.026601330066505, 49.02795139756988], [4.951597579878996, 49.237311865593284], [4.456572828641434, 49.27971398569929], [4.047802390119511, 49.4069203460173], [3.6952847642382167, 49.31151557577879], [3.65028251412571, 49.01735086754338], [3.4852742637131904, 48.85304265213261], [3.432771638581933, 48.73908695434772], [3.5565278263913243, 48.61983099154958], [3.7927896394819776, 48.521776088804444], [4.055302765138261, 48.686084304215214], [4.254062703135162, 48.70993549677484], [4.39656982849143, 48.569478473923695], [4.670333516675836, 48.53237661883094], [4.775338766938351, 48.53767688384419], [4.876593829691487, 48.66488324416221], [4.989099454972752, 48.68343417170858]]]}, "properties": {"id": "FRF23", "na": "Marne"}}, {"type": "Feature", "geometry": {"type": "Polygon", "coordinates": [[[5.630381519075961, 49.42547127356368], [5.502875143757194, 49.42547127356368], [5.4691234561728095, 49.497024851242564], [5.394119705985304, 49.61628081404071], [5.2703635181759125, 49.55532776638832], [5.101605080254018, 49.563278163908194], [5.086604330216517, 49.430771538576934], [4.951597579878996, 49.237311865593284], [5.026601330066505, 49.02795139756988], [4.914095704785243, 48.82389119455973], [4.989099454972752, 48.68343417170858], [5.4691234561728095, 48.42107105355268], [5.765388269413478, 48.49527476373819], [5.75038751937597, 48.765588279413976], [5.829141457072858, 49.02795139756988], [5.724136206810343, 49.35921796089805], [5.630381519075961, 49.42547127356368]]]}, "properties": {"id": "FRF32", "na": "Meuse"}}, {"type": "Feature", "geometry": {"type": "MultiPolygon", "coordinates": [[[[-0.748687434371714, 46.30361518075904], [-0.5649282464123182, 46.385769288464424], [-0.7299364968248376, 46.81774088704435], [-0.8911945597279818, 46.976748837441875], [-1.1499574978748903, 47.02975148757438], [-1.2624631231561558, 47.064203210160514], [-1.3899694984749225, 46.947597379868995], [-1.5137256862843103, 47.01650082504125], [-1.5399769988499408, 46.891944597229866], [-1.5999799989999488, 46.87339366968348], [-1.9787489374468699, 47.02975148757438], [-2.0950047502375106, 46.899894994749744], [-2.1475073753687646, 46.841592079603984], [-2.0950047502375106, 46.801840092004596], [-1.8999949997499854, 46.65078253912696], [-1.7912395619780952, 46.48912445622281], [-1.3899694984749225, 46.340717035851796], [-1.2212110605530242, 46.27711385569279], [-1.1837091854592714, 46.31421571078554], [-1.1237061853092634, 46.31686584329216], [-1.0749537476873812, 46.319515975798794], [-0.748687434371714, 46.30361518075904]]], [[[-2.226261313065649, 46.97144857242863], [-2.2375118755937784, 47.04830241512076], [-2.331266563328164, 47.04300215010751], [-2.3275163758187887, 46.9793989699485], [-2.271263563178156, 46.947597379868995], [-2.226261313065649, 46.97144857242863]]]]}, "properties": {"id": "FRG05", "na": "Vendée"}}, {"type": "Feature", "geometry": {"type": "Polygon", "coordinates": [[[-1.1499574978748903, 47.02975148757438], [-1.2587129356467806, 47.31066553327666], [-0.9774488724436203, 47.421971098554934], [-1.0974548727436328, 47.509425471273566], [-1.0824541227061317, 47.604830241512076], [-1.2474623731186547, 47.777088854442724], [-1.3899694984749225, 47.827441372068606], [-2.0950047502375106, 47.631331566578325], [-2.2037601880093973, 47.51207560378019], [-2.4587729386469306, 47.44847242362118], [-2.5112755637781845, 47.3769188459423], [-2.4850242512125575, 47.29741487074354], [-2.188759437971896, 47.25501275063753], [-2.1625081254062692, 47.13310665533277], [-2.0950047502375106, 47.09335466773339], [-1.9787489374468699, 47.02975148757438], [-1.5999799989999488, 46.87339366968348], [-1.5399769988499408, 46.891944597229866], [-1.5137256862843103, 47.01650082504125], [-1.3899694984749225, 46.947597379868995], [-1.2624631231561558, 47.064203210160514], [-1.1499574978748903, 47.02975148757438]]]}, "properties": {"id": "FRG01", "na": "Loire-Atlantique"}}, {"type": "Feature", "geometry": {"type": "Polygon", "coordinates": [[[0.23011150557528026, 47.60748037401871], [-0.1674083704185172, 47.65518275913796], [-0.3811690584529188, 47.76118805940297], [-0.7299364968248376, 47.7426371318566], [-1.1237061853092634, 47.7956397819891], [-1.2399619980999006, 47.80889044452223], [-1.2474623731186547, 47.777088854442724], [-1.0824541227061317, 47.604830241512076], [-1.0974548727436328, 47.509425471273566], [-0.9774488724436203, 47.421971098554934], [-1.2587129356467806, 47.31066553327666], [-1.1499574978748903, 47.02975148757438], [-0.8911945597279818, 46.976748837441875], [-0.2499124956247769, 47.101305065253264], [-0.10365518275913388, 47.064203210160514], [0.05385269263463499, 47.16490824541227], [0.23011150557528026, 47.60748037401871]]]}, "properties": {"id": "FRG02", "na": "Maine-et-Loire"}}, {"type": "Feature", "geometry": {"type": "MultiPolygon", "coordinates": [[[[-2.286264313215657, 48.134856742837144], [-2.5150257512875633, 48.13220661033051], [-2.5825291264563184, 48.087154357717885], [-2.635031751587576, 48.05800290014501], [-3.073803690184505, 48.1931596579829], [-3.280064003200156, 48.14810740537027], [-3.5650782539126915, 48.185209260463026], [-3.602580129006448, 48.174608730436525], [-3.6963348167408334, 48.1295564778239], [-3.6475823791189548, 48.01295064753238], [-3.411320566028298, 47.92814640732037], [-3.5238261913095634, 47.8062403120156], [-3.385069253462671, 47.68433421671084], [-2.803790189509474, 47.496174808740435], [-2.5825291264563184, 47.50677533876694], [-2.5150257512875633, 47.51207560378019], [-2.4587729386469306, 47.44847242362118], [-2.2037601880093973, 47.51207560378019], [-2.0950047502375106, 47.631331566578325], [-2.0762538126906307, 47.867193359667986], [-2.26001300065003, 48.018250912545625], [-2.286264313215657, 48.134856742837144]]], [[[-3.156307815390768, 47.363668183409175], [-3.253812690634529, 47.3875193759688], [-3.2613130656532796, 47.353067653382666], [-3.2200610030501515, 47.294764738236914], [-3.1150557527876366, 47.29211460573029], [-3.156307815390768, 47.363668183409175]]]]}, "properties": {"id": "FRH04", "na": "Morbihan"}}, {"type": "Feature", "geometry": {"type": "Polygon", "coordinates": [[[-0.3811690584529188, 47.76118805940297], [-0.42242112105605045, 47.84334216710836], [-0.3024151207560344, 47.962598129906496], [-0.3174158707935355, 48.03150157507876], [-0.2124106205310241, 48.174608730436525], [-0.1299064953247644, 48.346867343367165], [-0.05490274513725524, 48.3813190659533], [-0.20116005800289827, 48.54827741387069], [-0.6249312465623262, 48.45817290864544], [-0.8611930596529795, 48.50057502875144], [-1.0712035601780059, 48.50852542627132], [-1.0787039351967564, 48.174608730436525], [-1.0299514975748743, 48.018250912545625], [-1.1237061853092634, 47.922846142307115], [-1.2399619980999006, 47.80889044452223], [-1.1237061853092634, 47.7956397819891], [-0.7299364968248376, 47.7426371318566], [-0.3811690584529188, 47.76118805940297]]]}, "properties": {"id": "FRG03", "na": "Mayenne"}}, {"type": "Feature", "geometry": {"type": "Polygon", "coordinates": [[[-1.0712035601780059, 48.50852542627132], [-1.1237061853092634, 48.50587529376469], [-1.2999649982499086, 48.50057502875144], [-1.4649732486624316, 48.48467423371169], [-1.569978498924943, 48.627781389069455], [-1.7799889994499694, 48.61718085904295], [-1.9412470623531135, 48.675483774188706], [-2.0950047502375106, 48.59332966648333], [-1.9449972498624888, 48.540327016350815], [-1.922496124806237, 48.45287264363218], [-1.9974998749937463, 48.309765488274415], [-2.0950047502375106, 48.27796389819491], [-2.15125756287814, 48.25941297064853], [-2.2225111255562737, 48.174608730436525], [-2.286264313215657, 48.134856742837144], [-2.26001300065003, 48.018250912545625], [-2.0762538126906307, 47.867193359667986], [-2.0950047502375106, 47.631331566578325], [-1.3899694984749225, 47.827441372068606], [-1.2474623731186547, 47.777088854442724], [-1.2399619980999006, 47.80889044452223], [-1.1237061853092634, 47.922846142307115], [-1.0299514975748743, 48.018250912545625], [-1.0787039351967564, 48.174608730436525], [-1.0712035601780059, 48.50852542627132]]]}, "properties": {"id": "FRH03", "na": "Ille-et-Vilaine"}}, {"type": "Feature", "geometry": {"type": "Polygon", "coordinates": [[[-2.286264313215657, 48.134856742837144], [-2.2225111255562737, 48.174608730436525], [-2.15125756287814, 48.25941297064853], [-2.0950047502375106, 48.27796389819491], [-1.9974998749937463, 48.309765488274415], [-1.922496124806237, 48.45287264363218], [-1.9449972498624888, 48.540327016350815], [-2.0950047502375106, 48.59332966648333], [-2.346267313365665, 48.66223311165558], [-2.5150257512875633, 48.60658032901645], [-2.5825291264563184, 48.58537926896345], [-2.698784939246959, 48.54827741387069], [-3.1638081904095188, 48.860993049652485], [-3.54257712885644, 48.80799039951998], [-3.6588329416470806, 48.65958297914896], [-3.5650782539126915, 48.53767688384419], [-3.5650782539126915, 48.185209260463026], [-3.280064003200156, 48.14810740537027], [-3.073803690184505, 48.1931596579829], [-2.635031751587576, 48.05800290014501], [-2.5825291264563184, 48.087154357717885], [-2.5150257512875633, 48.13220661033051], [-2.286264313215657, 48.134856742837144]]]}, "properties": {"id": "FRH01", "na": "Côtes-d’Armor"}}, {"type": "Feature", "geometry": {"type": "Polygon", "coordinates": [[[-0.8349417470873526, 48.752337616880844], [-1.1012050602530081, 48.821241062053105], [-1.0374518725936284, 48.94844742237112], [-0.8724436221811054, 49.05975298764938], [-0.9286964348217381, 49.19225961298065], [-1.0712035601780059, 49.237311865593284], [-1.119955997799888, 49.32211610580529], [-1.2624631231561558, 49.50232511625582], [-1.303715185759284, 49.669283464173205], [-1.8662433121656044, 49.669283464173205], [-1.7987399369968458, 49.40957047852393], [-1.61498074903745, 49.149857492874645], [-1.5737286864343183, 48.818590929546474], [-1.5062253112655597, 48.67813390669534], [-1.569978498924943, 48.627781389069455], [-1.4649732486624316, 48.48467423371169], [-1.2999649982499086, 48.50057502875144], [-1.1237061853092634, 48.50587529376469], [-1.0712035601780059, 48.50852542627132], [-0.8611930596529795, 48.50057502875144], [-0.748687434371714, 48.654282714135704], [-0.8349417470873526, 48.752337616880844]]]}, "properties": {"id": "FRD12", "na": "Manche"}}, {"type": "Feature", "geometry": {"type": "Polygon", "coordinates": [[[1.5201760088004441, 47.981149057452875], [1.970198509925499, 48.174608730436525], [1.9926996349817507, 48.28591429571479], [1.9214460723036169, 48.45817290864544], [1.8201910095504807, 48.474073703685185], [1.617680884044205, 48.667533376668835], [1.5014250712535642, 48.94049702485124], [1.3364168208410447, 48.77618880944047], [0.9051452572628662, 48.68873443672184], [0.8151407570378559, 48.67018350917546], [0.9051452572628662, 48.521776088804444], [0.9576478823941237, 48.43962198109905], [0.9051452572628662, 48.405170258512925], [0.7776388819440996, 48.31771588579429], [0.796389819490976, 48.1931596579829], [0.8413920696034829, 48.10305515275764], [0.9051452572628662, 48.09775488774439], [1.073903695184761, 48.08450422521126], [1.2501625081254097, 47.962598129906496], [1.5201760088004441, 47.981149057452875]]]}, "properties": {"id": "FRB02", "na": "Eure-et-Loir"}}, {"type": "Feature", "geometry": {"type": "Polygon", "coordinates": [[[2.2252112605630323, 48.77618880944047], [2.045202260113008, 48.67018350917546], [1.9214460723036169, 48.45817290864544], [1.9926996349817507, 48.28591429571479], [2.296464823241166, 48.31241562078104], [2.4014700735036776, 48.320366018300916], [2.498974948747442, 48.407820391019555], [2.570228511425576, 48.69138456922846], [2.318965948297418, 48.74968748437422], [2.2252112605630323, 48.77618880944047]]]}, "properties": {"id": "FR104", "na": "Essonne"}}, {"type": "Feature", "geometry": {"type": "Polygon", "coordinates": [[[0.796389819490976, 48.1931596579829], [0.7776388819440996, 48.31771588579429], [0.9051452572628662, 48.405170258512925], [0.9576478823941237, 48.43962198109905], [0.9051452572628662, 48.521776088804444], [0.8151407570378559, 48.67018350917546], [0.7251362568128421, 48.781489074453724], [0.41387069353467965, 48.95109755487775], [0.26011300565028606, 48.94844742237112], [0.14760738036902055, 48.945797289864494], [-0.14115705785289023, 48.82654132706635], [-0.4674233711685538, 48.85834291714586], [-0.8349417470873526, 48.752337616880844], [-0.748687434371714, 48.654282714135704], [-0.8611930596529795, 48.50057502875144], [-0.6249312465623262, 48.45817290864544], [-0.20116005800289827, 48.54827741387069], [-0.05490274513725524, 48.3813190659533], [0.26011300565028606, 48.46612330616531], [0.4363718185909313, 48.32566628331416], [0.796389819490976, 48.1931596579829]]]}, "properties": {"id": "FRD13", "na": "Orne"}}, {"type": "Feature", "geometry": {"type": "Polygon", "coordinates": [[[3.5565278263913243, 48.61983099154958], [3.432771638581933, 48.73908695434772], [3.4852742637131904, 48.85304265213261], [3.0727536376818883, 49.11805590279514], [2.5889794489724522, 49.08095404770239], [2.551477573878696, 49.00940047002351], [2.5927296364818275, 48.80799039951998], [2.570228511425576, 48.69138456922846], [2.498974948747442, 48.407820391019555], [2.4014700735036776, 48.320366018300916], [2.513975698784943, 48.174608730436525], [2.6414820741037097, 48.126906345317266], [2.937746887344371, 48.164008200410024], [3.084004200210014, 48.35216760838042], [3.4140207010350565, 48.38926946347317], [3.4290214510725576, 48.49792489624481], [3.5565278263913243, 48.61983099154958]]]}, "properties": {"id": "FR102", "na": "Seine-et-Marne"}}, {"type": "Feature", "geometry": {"type": "Polygon", "coordinates": [[[2.2252112605630323, 48.77618880944047], [2.1577078853942737, 48.839791989599476], [2.198959947997402, 48.908695434771744], [2.075203760188014, 49.012050602530124], [1.6101805090254544, 49.07830391519576], [1.4901745087254383, 49.041202060103004], [1.5014250712535642, 48.94049702485124], [1.617680884044205, 48.667533376668835], [1.8201910095504807, 48.474073703685185], [1.9214460723036169, 48.45817290864544], [2.045202260113008, 48.67018350917546], [2.2252112605630323, 48.77618880944047]]]}, "properties": {"id": "FR103", "na": "Yvelines"}}, {"type": "Feature", "geometry": {"type": "Polygon", "coordinates": [[[2.318965948297418, 48.74968748437422], [2.570228511425576, 48.69138456922846], [2.5927296364818275, 48.80799039951998], [2.4164708235411787, 48.850392519625984], [2.3302165108255437, 48.81594079703986], [2.318965948297418, 48.74968748437422]]]}, "properties": {"id": "FR107", "na": "Val-de-Marne"}}, {"type": "Feature", "geometry": {"type": "Polygon", "coordinates": [[[2.3302165108255437, 48.81594079703986], [2.273963698184911, 48.850392519625984], [2.296464823241166, 48.87689384469223], [2.292714635731791, 48.95109755487775], [2.198959947997402, 48.908695434771744], [2.1577078853942737, 48.839791989599476], [2.2252112605630323, 48.77618880944047], [2.318965948297418, 48.74968748437422], [2.3302165108255437, 48.81594079703986]]]}, "properties": {"id": "FR105", "na": "Hauts-de-Seine"}}, {"type": "Feature", "geometry": {"type": "Polygon", "coordinates": [[[2.296464823241166, 48.87689384469223], [2.273963698184911, 48.850392519625984], [2.3302165108255437, 48.81594079703986], [2.4164708235411787, 48.850392519625984], [2.318965948297418, 48.900745037251866], [2.296464823241166, 48.87689384469223]]]}, "properties": {"id": "FR101", "na": "Paris"}}, {"type": "Feature", "geometry": {"type": "Polygon", "coordinates": [[[2.318965948297418, 48.900745037251866], [2.4164708235411787, 48.850392519625984], [2.5927296364818275, 48.80799039951998], [2.551477573878696, 49.00940047002351], [2.292714635731791, 48.95109755487775], [2.296464823241166, 48.87689384469223], [2.318965948297418, 48.900745037251866]]]}, "properties": {"id": "FR106", "na": "Seine-Saint-Denis"}}, {"type": "Feature", "geometry": {"type": "Polygon", "coordinates": [[[2.292714635731791, 48.95109755487775], [2.551477573878696, 49.00940047002351], [2.5889794489724522, 49.08095404770239], [2.296464823241166, 49.152507625381276], [2.116455822791142, 49.197559877993896], [1.7901895094754785, 49.179008950447525], [1.70393519675984, 49.23201160058003], [1.6101805090254544, 49.07830391519576], [2.075203760188014, 49.012050602530124], [2.198959947997402, 48.908695434771744], [2.292714635731791, 48.95109755487775]]]}, "properties": {"id": "FR108", "na": "Val-d’Oise"}}, {"type": "Feature", "geometry": {"type": "Polygon", "coordinates": [[[-3.5650782539126915, 48.185209260463026], [-3.5650782539126915, 48.53767688384419], [-3.6588329416470806, 48.65958297914896], [-4.041352067603377, 48.70198509925497], [-4.322616130806537, 48.65958297914896], [-4.6788839441972065, 48.55092754637732], [-4.753887694384716, 48.4237211860593], [-4.701385069253462, 48.3601180059003], [-4.427621381069052, 48.320366018300916], [-4.46887344367218, 48.23821191059553], [-4.333866693334663, 48.13750687534377], [-4.547627381369065, 48.02355117755888], [-4.318865943297162, 47.83274163708185], [-3.5238261913095634, 47.8062403120156], [-3.411320566028298, 47.92814640732037], [-3.6475823791189548, 48.01295064753238], [-3.6963348167408334, 48.1295564778239], [-3.602580129006448, 48.174608730436525], [-3.5650782539126915, 48.185209260463026]]]}, "properties": {"id": "FRH02", "na": "Finistère"}}, {"type": "Feature", "geometry": {"type": "Polygon", "coordinates": [[[1.7151857592879693, 49.40957047852393], [1.3814190709535517, 49.44667233361668], [0.9876493824691259, 49.26911345567278], [0.9051452572628662, 49.36716835841792], [0.6201310065503307, 49.430771538576934], [0.6163808190409554, 49.428121406070304], [0.6051302565128296, 49.428121406070304], [0.597629881494079, 49.428121406070304], [0.5938796939847037, 49.428121406070304], [0.5863793189659532, 49.430771538576934], [0.5788789439471991, 49.43342167108355], [0.5713785689284485, 49.43607180359018], [0.5601280064003227, 49.44667233361668], [0.537626881344071, 49.46522326116306], [0.5226261313065699, 49.47582379118956], [0.5151257562878158, 49.481124056202816], [0.5038751937596899, 49.481124056202816], [0.4926246312315641, 49.481124056202816], [0.4851242562128135, 49.478473923696185], [0.4738736936846877, 49.47317365868294], [0.46262313115656184, 49.467873393669684], [0.4251212560628055, 49.45462273113656], [0.4063703185159291, 49.44667233361668], [0.36886844342217273, 49.438721936096805], [0.36511825591279745, 49.438721936096805], [0.3388669433471705, 49.43342167108355], [0.3351167558377952, 49.43342167108355], [0.30886544327216825, 49.430771538576934], [0.29761488074403886, 49.430771538576934], [0.41387069353467965, 48.95109755487775], [0.7251362568128421, 48.781489074453724], [0.8151407570378559, 48.67018350917546], [0.9051452572628662, 48.68873443672184], [1.3364168208410447, 48.77618880944047], [1.5014250712535642, 48.94049702485124], [1.4901745087254383, 49.041202060103004], [1.6101805090254544, 49.07830391519576], [1.70393519675984, 49.23201160058003], [1.7676883844192233, 49.30621531076554], [1.7151857592879693, 49.40957047852393]]]}, "properties": {"id": "FRD21", "na": "Eure"}}, {"type": "Feature", "geometry": {"type": "Polygon", "coordinates": [[[-0.8349417470873526, 48.752337616880844], [-0.4674233711685538, 48.85834291714586], [-0.14115705785289023, 48.82654132706635], [0.14760738036902055, 48.945797289864494], [0.26011300565028606, 48.94844742237112], [0.41387069353467965, 48.95109755487775], [0.29761488074403886, 49.430771538576934], [0.26011300565028606, 49.420171008550426], [-0.17865893294664303, 49.29031451572578], [-0.9549477473873651, 49.391019550977546], [-1.119955997799888, 49.32211610580529], [-1.0712035601780059, 49.237311865593284], [-0.9286964348217381, 49.19225961298065], [-0.8724436221811054, 49.05975298764938], [-1.0374518725936284, 48.94844742237112], [-1.1012050602530081, 48.821241062053105], [-0.8349417470873526, 48.752337616880844]]]}, "properties": {"id": "FRD11", "na": "Calvados"}}, {"type": "Feature", "geometry": {"type": "Polygon", "coordinates": [[[3.0727536376818883, 49.11805590279514], [2.9902495124756285, 49.31946597329866], [3.0915045752287647, 49.401620081004054], [3.1177558877943916, 49.70638531926596], [2.862743137156862, 49.690484524226214], [2.626481324066205, 49.58977948897445], [2.296464823241166, 49.65603280164008], [1.7826891344567244, 49.759387969398475], [1.7114355717785905, 49.632181609080455], [1.7676883844192233, 49.49437471873594], [1.7151857592879693, 49.40957047852393], [1.7676883844192233, 49.30621531076554], [1.70393519675984, 49.23201160058003], [1.7901895094754785, 49.179008950447525], [2.116455822791142, 49.197559877993896], [2.296464823241166, 49.152507625381276], [2.5889794489724522, 49.08095404770239], [3.0727536376818883, 49.11805590279514]]]}, "properties": {"id": "FRE22", "na": "Oise"}}, {"type": "Feature", "geometry": {"type": "Polygon", "coordinates": [[[4.047802390119511, 49.4069203460173], [4.047802390119511, 49.613630681534076], [4.224061203060156, 49.74613730686534], [4.231561578078907, 49.95814790739537], [4.141557077853896, 49.979348967448374], [3.5490274513725737, 50.05355267763389], [3.1740087004350244, 50.01115055752788], [3.0877543877193894, 49.84154207710385], [3.1177558877943916, 49.70638531926596], [3.0915045752287647, 49.401620081004054], [2.9902495124756285, 49.31946597329866], [3.0727536376818883, 49.11805590279514], [3.4852742637131904, 48.85304265213261], [3.65028251412571, 49.01735086754338], [3.6952847642382167, 49.31151557577879], [4.047802390119511, 49.4069203460173]]]}, "properties": {"id": "FRE21", "na": "Aisne"}}, {"type": "Feature", "geometry": {"type": "Polygon", "coordinates": [[[1.7151857592879693, 49.40957047852393], [1.7676883844192233, 49.49437471873594], [1.7114355717785905, 49.632181609080455], [1.7826891344567244, 49.759387969398475], [1.6926846342317141, 49.891894594729735], [1.3814190709535517, 50.06415320766038], [0.26011300565028606, 49.727586379318964], [0.16260813040652167, 49.669283464173205], [0.08760438021901251, 49.52087604380219], [0.26386319315966134, 49.449322466123306], [0.2713635681784119, 49.44667233361668], [0.2751137556877872, 49.451972598629936], [0.30511525576279297, 49.451972598629936], [0.3388669433471705, 49.449322466123306], [0.36136806840342217, 49.449322466123306], [0.37636881844092684, 49.451972598629936], [0.3876193809690527, 49.451972598629936], [0.4026201310065538, 49.45462273113656], [0.4213710685534302, 49.459922996149814], [0.43262163108155605, 49.46257312865643], [0.4363718185909313, 49.46257312865643], [0.46262313115656184, 49.47582379118956], [0.47762388119406296, 49.481124056202816], [0.48137406870343824, 49.48377418870943], [0.4926246312315641, 49.48642432121606], [0.5001250062503146, 49.48642432121606], [0.5113755687784405, 49.48642432121606], [0.5226261313065699, 49.48377418870943], [0.5301265063253204, 49.478473923696185], [0.5413770688534463, 49.467873393669684], [0.5451272563628216, 49.46257312865643], [0.5676283814190732, 49.44667233361668], [0.5826291314565744, 49.43607180359018], [0.597629881494079, 49.430771538576934], [0.6126306315315801, 49.43342167108355], [0.6201310065503307, 49.43342167108355], [0.6201310065503307, 49.430771538576934], [0.9051452572628662, 49.36716835841792], [0.9876493824691259, 49.26911345567278], [1.3814190709535517, 49.44667233361668], [1.7151857592879693, 49.40957047852393]]]}, "properties": {"id": "FRD22", "na": "Seine-Maritime"}}, {"type": "Feature", "geometry": {"type": "Polygon", "coordinates": [[[2.438971948597434, 50.21786089304466], [2.296464823241166, 50.212560628031405], [2.116455822791142, 50.20726036301815], [1.8389419470973571, 50.34506725336267], [1.6439321966098355, 50.35036751837592], [1.5539276963848216, 50.32651632581629], [1.5989299464973286, 50.20991049552478], [1.3814190709535517, 50.06415320766038], [1.6926846342317141, 49.891894594729735], [1.7826891344567244, 49.759387969398475], [2.296464823241166, 49.65603280164008], [2.626481324066205, 49.58977948897445], [2.862743137156862, 49.690484524226214], [3.1177558877943916, 49.70638531926596], [3.0877543877193894, 49.84154207710385], [3.1740087004350244, 50.01115055752788], [3.0915045752287647, 50.05355267763389], [2.9002450122506147, 50.04560228011401], [2.7389869493474706, 50.117155857792895], [2.4164708235411787, 50.10125506275314], [2.438971948597434, 50.21786089304466]]]}, "properties": {"id": "FRE23", "na": "Somme"}}, {"type": "Feature", "geometry": {"type": "Polygon", "coordinates": [[[2.438971948597434, 50.21786089304466], [2.4164708235411787, 50.10125506275314], [2.7389869493474706, 50.117155857792895], [2.9002450122506147, 50.04560228011401], [3.0915045752287647, 50.05355267763389], [3.069003450172513, 50.15160758037902], [3.140257012850647, 50.23641182059103], [3.0277513875693813, 50.36361818090904], [3.0052502625131297, 50.48552427621381], [2.8102405120256044, 50.54382719135957], [2.806490324516229, 50.6206810340517], [2.453972698634935, 50.65513275663783], [2.296464823241166, 50.76908845442272], [2.221461073053657, 50.82209110455523], [2.0939546977348904, 50.99964998249912], [1.6064303215160791, 50.840642032101606], [1.5726786339317016, 50.45372268613431], [1.6439321966098355, 50.35036751837592], [1.8389419470973571, 50.34506725336267], [2.116455822791142, 50.20726036301815], [2.296464823241166, 50.212560628031405], [2.438971948597434, 50.21786089304466]]]}, "properties": {"id": "FRE12", "na": "Pas-de-Calais"}}, {"type": "Feature", "geometry": {"type": "Polygon", "coordinates": [[[2.862743137156862, 50.70813540677034], [2.6489824491224603, 50.82474123706186], [2.6077303865193286, 50.91219560978049], [2.5777288864443264, 50.99964998249912], [2.5477273863693206, 51.08975448772439], [2.296464823241166, 51.03940197009851], [2.0939546977348904, 50.99964998249912], [2.221461073053657, 50.82209110455523], [2.296464823241166, 50.76908845442272], [2.453972698634935, 50.65513275663783], [2.806490324516229, 50.6206810340517], [2.8102405120256044, 50.54382719135957], [3.0052502625131297, 50.48552427621381], [3.0277513875693813, 50.36361818090904], [3.140257012850647, 50.23641182059103], [3.069003450172513, 50.15160758037902], [3.0915045752287647, 50.05355267763389], [3.1740087004350244, 50.01115055752788], [3.5490274513725737, 50.05355267763389], [4.141557077853896, 49.979348967448374], [4.20531026551328, 50.08005400270014], [4.186559327966403, 50.23641182059103], [4.051552577628886, 50.33976698834942], [4.029051452572631, 50.358317915895796], [3.7177858892944684, 50.32651632581629], [3.6727836391819615, 50.39806990349518], [3.654032701635085, 50.46167308365418], [3.6165308265413323, 50.49082454122706], [3.5490274513725737, 50.49612480624032], [3.312765638281917, 50.522626131306566], [3.2452622631131582, 50.713435671783586], [3.1777588879443996, 50.7558377918896], [3.099004950247515, 50.77968898444922], [3.0202510125506308, 50.774388719435976], [2.862743137156862, 50.70813540677034]]]}, "properties": {"id": "FRE11", "na": "Nord"}}, {"type": "Feature", "geometry": {"type": "Polygon", "coordinates": [[[7.546727336366821, 47.7426371318566], [7.6029801490074576, 47.96789839491974], [7.5767288364418235, 48.116305815290765], [7.5767288364418235, 48.12160608030402], [7.197959897994906, 48.309765488274415], [6.845442272113608, 47.82214110705536], [7.040452022601137, 47.66843342167108], [7.130456522826144, 47.50412520626031], [7.224211210560533, 47.429921496074805], [7.381719085954302, 47.43257162858143], [7.5092254612730684, 47.50147507375369], [7.554227711385572, 47.5650782539127], [7.587979398969949, 47.58892944647232], [7.520476023801194, 47.66843342167108], [7.546727336366821, 47.7426371318566]]]}, "properties": {"id": "FRF12", "na": "Haut-Rhin"}}, {"type": "Feature", "geometry": {"type": "Polygon", "coordinates": [[[8.233011650582533, 48.966998349917496], [8.068003400170014, 48.998799939997], [7.910495524776245, 49.043852192609634], [7.636731836591835, 49.05445272263613], [7.4829741487074415, 48.945797289864494], [7.040452022601137, 49.00410020501025], [7.0067003350167525, 48.91134556727836], [7.276713835691787, 48.736436821841096], [7.227961398069908, 48.601280064003205], [7.081704085204265, 48.53502675133757], [7.122956147807393, 48.513825691284566], [7.089204460223016, 48.3707185359268], [7.197959897994906, 48.309765488274415], [7.5767288364418235, 48.12160608030402], [7.681734086704338, 48.25676283814191], [7.824241212060606, 48.609230461523076], [7.959247962398123, 48.71788589429472], [8.233011650582533, 48.966998349917496]]]}, "properties": {"id": "FRF11", "na": "Bas-Rhin"}}, {"type": "Feature", "geometry": {"type": "Polygon", "coordinates": [[[6.721686084304217, 49.2187609380469], [6.556677833891698, 49.420171008550426], [6.365418270913551, 49.459922996149814], [5.8928946447322375, 49.497024851242564], [6.016650832541629, 49.266463323166164], [5.949147457372874, 49.091554577728886], [6.020401020051004, 49.02795139756988], [6.2641632081604115, 48.91929596479824], [6.365418270913551, 48.781489074453724], [6.935446772338622, 48.62248112405621], [7.081704085204265, 48.53502675133757], [7.227961398069908, 48.601280064003205], [7.276713835691787, 48.736436821841096], [7.0067003350167525, 48.91134556727836], [7.040452022601137, 49.00410020501025], [7.4829741487074415, 48.945797289864494], [7.636731836591835, 49.05445272263613], [7.4829741487074415, 49.15515775788789], [7.370468523426176, 49.160458022901146], [7.246712335616785, 49.11805590279514], [7.100455022751142, 49.15515775788789], [6.924196209810496, 49.21346067303365], [6.785439271963604, 49.160458022901146], [6.721686084304217, 49.2187609380469]]]}, "properties": {"id": "FRF33", "na": "Moselle"}}, {"type": "Feature", "geometry": {"type": "Polygon", "coordinates": [[[4.970348517425876, 49.80179008950448], [4.869093454672736, 49.80974048702436], [4.809090454522728, 49.971398569928496], [4.854092704635235, 50.12775638781939], [4.797839891994602, 50.14895744787239], [4.662833141657085, 49.99524976248813], [4.434071703585182, 49.942247112355616], [4.231561578078907, 49.95814790739537], [4.224061203060156, 49.74613730686534], [4.047802390119511, 49.613630681534076], [4.047802390119511, 49.4069203460173], [4.456572828641434, 49.27971398569929], [4.951597579878996, 49.237311865593284], [5.086604330216517, 49.430771538576934], [5.101605080254018, 49.563278163908194], [5.2703635181759125, 49.55532776638832], [5.394119705985304, 49.61628081404071], [5.154107705385272, 49.71698584929247], [4.970348517425876, 49.80179008950448]]]}, "properties": {"id": "FRF21", "na": "Ardennes"}}, {"type": "Feature", "geometry": {"type": "MultiPolygon", "coordinates": [[[[13.73078653932697, 37.682734136706834], [13.44202210110506, 37.64828241412071], [13.370768538426923, 37.558177908895445], [13.010750537526881, 37.74368718435922], [12.898244912245616, 37.57672883644182], [13.685784289214467, 37.189809490474524], [14.034551727586383, 37.105005250262515], [14.000800040002005, 37.28521426071303], [13.843292164608236, 37.423021151057554], [13.689534476723843, 37.470723536176806], [13.697034851742593, 37.56082804140207], [13.805790289514484, 37.64828241412071], [13.73078653932697, 37.682734136706834]]], [[[12.913245662283117, 35.907145357267865], [12.789489474473726, 35.877993899694985], [12.834491724586236, 35.822341117055856], [12.924496224811243, 35.819690984549226], [12.913245662283117, 35.907145357267865]]]]}, "properties": {"id": "ITG14", "na": "Agrigento"}}, {"type": "Feature", "geometry": {"type": "Polygon", "coordinates": [[[14.338316915845795, 37.00165008250413], [14.529576478823948, 36.79228961448072], [15.002100105005255, 36.70218510925547], [14.874593729686488, 36.83469173458673], [14.882094104705239, 36.969848492424624], [14.795839791989607, 37.11295564778239], [14.44332216610831, 37.05200260013001], [14.37956897844893, 37.01490074503725], [14.338316915845795, 37.00165008250413]]]}, "properties": {"id": "ITG18", "na": "Ragusa"}}, {"type": "Feature", "geometry": {"type": "Polygon", "coordinates": [[[15.002100105005255, 36.70218510925547], [15.118355917795895, 36.68098404920246], [15.125856292814646, 36.85589279463973], [15.298364918245916, 37.04935246762338], [15.204610230511527, 37.181859092954646], [15.227111355567786, 37.26136306815341], [15.092104605230269, 37.35676783839192], [14.870843542177113, 37.38061903095155], [14.795839791989607, 37.11295564778239], [14.882094104705239, 36.969848492424624], [14.874593729686488, 36.83469173458673], [15.002100105005255, 36.70218510925547]]]}, "properties": {"id": "ITG19", "na": "Siracusa"}}, {"type": "Feature", "geometry": {"type": "Polygon", "coordinates": [[[14.353317665883296, 37.306415320766035], [14.079553977698893, 37.364718235911795], [14.135806790339522, 37.616480824041204], [14.06080304015201, 37.695984799239966], [13.978298914945753, 37.597929896494826], [13.805790289514484, 37.722486124306215], [13.73078653932697, 37.682734136706834], [13.805790289514484, 37.64828241412071], [13.697034851742593, 37.56082804140207], [13.689534476723843, 37.470723536176806], [13.843292164608236, 37.423021151057554], [14.000800040002005, 37.28521426071303], [14.034551727586383, 37.105005250262515], [14.338316915845795, 37.00165008250413], [14.37956897844893, 37.01490074503725], [14.44332216610831, 37.05200260013001], [14.353317665883296, 37.306415320766035]]]}, "properties": {"id": "ITG15", "na": "Caltanissetta"}}, {"type": "Feature", "geometry": {"type": "Polygon", "coordinates": [[[15.092104605230269, 37.35676783839192], [15.095854792739644, 37.47602380119006], [15.257112855642788, 37.807290364518224], [14.915845792289616, 37.945097254862745], [14.773338666933348, 37.92389619480974], [14.743337166858346, 37.817890894544725], [14.792089604480232, 37.56082804140207], [14.582079103955202, 37.52637631881594], [14.5520776038802, 37.38326916345817], [14.353317665883296, 37.306415320766035], [14.44332216610831, 37.05200260013001], [14.795839791989607, 37.11295564778239], [14.870843542177113, 37.38061903095155], [15.092104605230269, 37.35676783839192]]]}, "properties": {"id": "ITG17", "na": "Catania"}}, {"type": "Feature", "geometry": {"type": "Polygon", "coordinates": [[[14.353317665883296, 37.306415320766035], [14.5520776038802, 37.38326916345817], [14.582079103955202, 37.52637631881594], [14.792089604480232, 37.56082804140207], [14.743337166858346, 37.817890894544725], [14.37956897844893, 37.85234261713086], [14.27831391569579, 37.839091954597734], [14.27081354067704, 37.72778638931947], [14.135806790339522, 37.616480824041204], [14.079553977698893, 37.364718235911795], [14.353317665883296, 37.306415320766035]]]}, "properties": {"id": "ITG16", "na": "Enna"}}, {"type": "Feature", "geometry": {"type": "Polygon", "coordinates": [[[14.135806790339522, 37.616480824041204], [14.27081354067704, 37.72778638931947], [14.27831391569579, 37.839091954597734], [14.184559227961401, 38.01930096504825], [13.727036351817596, 37.9821991099555], [13.303265163258168, 38.21011050552528], [13.09700485024252, 38.1703585179259], [12.976998849942504, 38.040502025101254], [13.040752037601884, 37.94244712235612], [12.965748287414378, 37.84969248462423], [13.074503725186261, 37.778138906945344], [13.010750537526881, 37.74368718435922], [13.370768538426923, 37.558177908895445], [13.44202210110506, 37.64828241412071], [13.73078653932697, 37.682734136706834], [13.805790289514484, 37.722486124306215], [13.978298914945753, 37.597929896494826], [14.06080304015201, 37.695984799239966], [14.135806790339522, 37.616480824041204]]]}, "properties": {"id": "ITG12", "na": "Palermo"}}, {"type": "Feature", "geometry": {"type": "MultiPolygon", "coordinates": [[[[14.743337166858346, 37.817890894544725], [14.773338666933348, 37.92389619480974], [14.915845792289616, 37.945097254862745], [15.257112855642788, 37.807290364518224], [15.542127106355323, 38.14650732536627], [15.5608780439022, 38.27901395069753], [15.103355167758394, 38.13060653032652], [14.762088104405223, 38.15445772288614], [14.37956897844893, 38.01930096504825], [14.184559227961401, 38.01930096504825], [14.27831391569579, 37.839091954597734], [14.37956897844893, 37.85234261713086], [14.743337166858346, 37.817890894544725]]], [[[14.89709485474274, 38.60763038151907], [14.822091104555234, 38.60763038151907], [14.784589229461481, 38.562578128906445], [14.953347667383376, 38.44067203360168], [14.972098604930252, 38.533426671333565], [14.893344667233364, 38.533426671333565], [14.89709485474274, 38.60763038151907]]]]}, "properties": {"id": "ITG13", "na": "Messina"}}, {"type": "Feature", "geometry": {"type": "Polygon", "coordinates": [[[15.647132356617838, 38.01665083254163], [15.744637231861596, 37.92919645982299], [16.06715335766789, 37.94244712235612], [16.20966048302416, 38.175658782939145], [16.580929046452326, 38.46982349117456], [16.41967098354918, 38.55462773138657], [16.333416670833543, 38.44067203360168], [16.093404670233518, 38.5466773338667], [15.917145857292873, 38.506925346267316], [15.812140607030358, 38.30816540827041], [15.647132356617838, 38.20746037301865], [15.647132356617838, 38.01665083254163]]]}, "properties": {"id": "ITF65", "na": "Reggio di Calabria"}}, {"type": "Feature", "geometry": {"type": "Polygon", "coordinates": [[[15.917145857292873, 38.506925346267316], [16.093404670233518, 38.5466773338667], [16.333416670833543, 38.44067203360168], [16.41967098354918, 38.55462773138657], [16.3409170458523, 38.65533276663833], [16.337166858342925, 38.79048952447623], [16.213410670533534, 38.81169058452923], [16.134656732836646, 38.72953647682384], [15.860893044652236, 38.65533276663833], [15.917145857292873, 38.506925346267316]]]}, "properties": {"id": "ITF64", "na": "Vibo Valentia"}}, {"type": "Feature", "geometry": {"type": "Polygon", "coordinates": [[[16.580929046452326, 38.46982349117456], [16.5696784839242, 38.76133806690335], [16.89219460973049, 38.92829641482074], [16.83594179708986, 39.03165158257913], [16.614680734036703, 39.19330966548328], [16.438421921096058, 39.084654232711635], [16.093404670233518, 39.047552377618885], [16.205910295514784, 38.91239561978099], [16.213410670533534, 38.81169058452923], [16.337166858342925, 38.79048952447623], [16.3409170458523, 38.65533276663833], [16.41967098354918, 38.55462773138657], [16.580929046452326, 38.46982349117456]]]}, "properties": {"id": "ITF63", "na": "Catanzaro"}}, {"type": "Feature", "geometry": {"type": "Polygon", "coordinates": [[[16.614680734036703, 39.19330966548328], [16.83594179708986, 39.03165158257913], [16.89219460973049, 38.92829641482074], [17.14720736036802, 38.94154707735387], [17.13970698534927, 39.18800940047002], [17.13970698534927, 39.38941947097355], [17.02345117255863, 39.48482424121206], [16.757187859392978, 39.347017350867546], [16.757187859392978, 39.2065603280164], [16.614680734036703, 39.19330966548328]]]}, "properties": {"id": "ITF62", "na": "Crotone"}}, {"type": "Feature", "geometry": {"type": "Polygon", "coordinates": [[[16.535926796339822, 39.67828391419571], [16.502175108755445, 39.8028401420071], [16.610930546527328, 39.95124756237812], [16.644682234111713, 40.118205910295515], [16.442172108605433, 40.13145657282864], [16.39716985849293, 40.05460273013651], [16.299664983249166, 39.93004650232512], [16.06715335766789, 39.90619530976549], [15.879643982199113, 40.001600080004], [15.755887794389722, 39.924746237311865], [15.830891544577234, 39.654432721636084], [16.00715035751788, 39.40797039851993], [16.063403170158516, 39.18800940047002], [16.093404670233518, 39.047552377618885], [16.438421921096058, 39.084654232711635], [16.614680734036703, 39.19330966548328], [16.757187859392978, 39.2065603280164], [16.757187859392978, 39.347017350867546], [17.02345117255863, 39.48482424121206], [16.535926796339822, 39.67828391419571]]]}, "properties": {"id": "ITF61", "na": "Cosenza"}}, {"type": "Feature", "geometry": {"type": "Polygon", "coordinates": [[[18.096004800240017, 40.515725786289316], [17.799739986999356, 40.380569028451426], [17.762238111905603, 40.29576478823941], [17.957247862393125, 40.16325816290815], [18.066003300165015, 39.924746237311865], [18.369768488424427, 39.8134406720336], [18.497274863743193, 40.14470723536177], [18.39226961348068, 40.31696584829241], [18.096004800240017, 40.515725786289316]]]}, "properties": {"id": "ITF45", "na": "Lecce"}}, {"type": "Feature", "geometry": {"type": "Polygon", "coordinates": [[[16.86594329716486, 40.399119955997804], [16.723436171808594, 40.502475123756184], [16.723436171808594, 40.71448572428621], [16.5546777338867, 40.756887844392224], [16.41217060853043, 40.72243612180609], [16.243412170608536, 40.8390419520976], [16.142157107855397, 40.79133956697835], [16.07465373268664, 40.62703135156758], [16.13090654532727, 40.39381969098455], [16.20966048302416, 40.27721386069304], [16.3409170458523, 40.282514125706285], [16.39716985849293, 40.05460273013651], [16.442172108605433, 40.13145657282864], [16.644682234111713, 40.118205910295515], [16.86594329716486, 40.399119955997804]]]}, "properties": {"id": "ITF52", "na": "Matera"}}, {"type": "Feature", "geometry": {"type": "Polygon", "coordinates": [[[17.10970548527427, 40.51042552127606], [17.477223861193067, 40.30901545077254], [17.762238111905603, 40.29576478823941], [17.799739986999356, 40.380569028451426], [17.525976298814946, 40.46802340117006], [17.353467673383676, 40.74893744687235], [16.723436171808594, 40.71448572428621], [16.723436171808594, 40.502475123756184], [16.86594329716486, 40.399119955997804], [17.10970548527427, 40.51042552127606]]]}, "properties": {"id": "ITF43", "na": "Taranto"}}, {"type": "Feature", "geometry": {"type": "Polygon", "coordinates": [[[16.142157107855397, 40.79133956697835], [16.243412170608536, 40.8390419520976], [16.20216010800541, 40.918545927296364], [16.052152607630383, 40.93179658982949], [16.010900545027255, 41.05900295014751], [15.872143607180362, 41.141157057852894], [15.542127106355323, 41.056352817640885], [15.519625981299072, 40.91059552977649], [15.335866793339669, 40.833741687084355], [15.579628981449076, 40.46272313615681], [15.789639481974106, 40.26396319815991], [15.643382169108463, 40.04400220011001], [15.755887794389722, 39.924746237311865], [15.879643982199113, 40.001600080004], [16.06715335766789, 39.90619530976549], [16.299664983249166, 39.93004650232512], [16.39716985849293, 40.05460273013651], [16.3409170458523, 40.282514125706285], [16.20966048302416, 40.27721386069304], [16.13090654532727, 40.39381969098455], [16.07465373268664, 40.62703135156758], [16.142157107855397, 40.79133956697835]]]}, "properties": {"id": "ITF51", "na": "Potenza"}}, {"type": "Feature", "geometry": {"type": "Polygon", "coordinates": [[[17.353467673383676, 40.74893744687235], [17.525976298814946, 40.46802340117006], [17.799739986999356, 40.380569028451426], [18.096004800240017, 40.515725786289316], [17.979748987449376, 40.65353267663383], [17.387219360968054, 40.892044602230115], [17.323466173308674, 40.82579128956448], [17.353467673383676, 40.74893744687235]]]}, "properties": {"id": "ITF44", "na": "Brindisi"}}, {"type": "Feature", "geometry": {"type": "MultiPolygon", "coordinates": [[[[12.493224661233064, 37.68803440172009], [12.676983849192467, 37.57672883644182], [12.898244912245616, 37.57672883644182], [13.010750537526881, 37.74368718435922], [13.074503725186261, 37.778138906945344], [12.965748287414378, 37.84969248462423], [13.040752037601884, 37.94244712235612], [12.976998849942504, 38.040502025101254], [12.875743787189364, 38.04315215760788], [12.751987599379973, 38.15445772288614], [12.51197559877994, 38.014000700035], [12.44072203610181, 37.7940397019851], [12.493224661233064, 37.68803440172009]]], [[[12.05070253512676, 36.747237361868095], [12.054452722636135, 36.8002400120006], [11.94944747237362, 36.842642132106604], [11.919445972298618, 36.816140807040355], [11.99444972248613, 36.73398669933497], [12.05070253512676, 36.747237361868095]]]]}, "properties": {"id": "ITG11", "na": "Trapani"}}, {"type": "Feature", "geometry": {"type": "Polygon", "coordinates": [[[13.295764788239417, 41.94944747237362], [13.194509725486277, 41.98389919495975], [13.070753537676886, 42.02895144757238], [13.029501475073758, 42.116405820291014], [12.658232911645584, 42.17205860293015], [12.601980099004955, 42.2197609880494], [12.519475973798691, 42.293964698234916], [12.309465473273669, 42.17205860293015], [11.904445222261117, 42.2091604580229], [11.735686784339222, 42.15880794039702], [11.833191659582987, 42.04220211010551], [11.956947847392371, 42.018350917545874], [11.99444972248613, 41.98389919495975], [12.373218660933048, 41.66853342667133], [12.429471473573685, 41.62083104155208], [12.609480474023705, 41.46712335616781], [12.774488724436225, 41.41677083854193], [12.571978598929952, 41.62083104155208], [12.624481224061206, 41.64998249912496], [12.699484974248719, 41.62083104155208], [12.751987599379973, 41.59962998149908], [12.78573928696435, 41.62083104155208], [12.853242662133113, 41.66853342667133], [12.905745287264367, 41.702985149257465], [12.95074753737687, 41.66853342667133], [13.014500725036257, 41.62083104155208], [13.078253912695637, 41.57312865643282], [13.175758787939401, 41.58372918645932], [13.145757287864399, 41.62083104155208], [13.108255412770646, 41.66853342667133], [13.010750537526881, 41.798389919495975], [13.295764788239417, 41.94944747237362]], [[12.361968098404923, 41.88319415970798], [12.43322166108306, 41.93884694234712], [12.48947447372369, 41.95474773738687], [12.519475973798691, 41.877893894694736], [12.391969598479932, 41.86994349717486], [12.361968098404923, 41.88319415970798]]]}, "properties": {"id": "ITI43", "na": "Roma"}}, {"type": "Feature", "geometry": {"type": "Polygon", "coordinates": [[[12.519475973798691, 42.293964698234916], [12.48947447372369, 42.39996999849993], [12.211960598029904, 42.63318165908296], [11.975698784939254, 42.69413470673534], [11.893194659732991, 42.83459172958648], [11.746937346867348, 42.78688934446723], [11.780689034451726, 42.725936296814844], [11.743187159357973, 42.63318165908296], [11.58942947147358, 42.540427021351064], [11.59692984649233, 42.445022251112555], [11.499424971248565, 42.39996999849993], [11.450672533626687, 42.378768938446925], [11.641932096604833, 42.280714035701784], [11.690684534226719, 42.2197609880494], [11.735686784339222, 42.15880794039702], [11.904445222261117, 42.2091604580229], [12.309465473273669, 42.17205860293015], [12.519475973798691, 42.293964698234916]]]}, "properties": {"id": "ITI41", "na": "Viterbo"}}, {"type": "Feature", "geometry": {"type": "Polygon", "coordinates": [[[12.48947447372369, 42.39996999849993], [12.601980099004955, 42.41322066103305], [12.89449472473624, 42.6172808640432], [12.87949397469874, 42.63318165908296], [12.845742287114362, 42.667633381669084], [12.748237411870598, 42.63318165908296], [12.703235161758094, 42.63318165908296], [12.50447522376119, 42.725936296814844], [12.42572128606431, 42.688834441722086], [12.380719035951799, 42.70473523676184], [12.298214910745543, 42.763038151907594], [12.328216410820545, 42.871693584679235], [12.294464723236167, 42.91939596979849], [12.061953097654886, 42.940597029851496], [11.990699534976756, 42.87434371718586], [11.93444672233612, 42.86904345217261], [11.893194659732991, 42.83459172958648], [11.975698784939254, 42.69413470673534], [12.211960598029904, 42.63318165908296], [12.48947447372369, 42.39996999849993]]]}, "properties": {"id": "ITI22", "na": "Terni"}}, {"type": "Feature", "geometry": {"type": "MultiPolygon", "coordinates": [[[[11.15065753287665, 42.405270263513174], [11.450672533626687, 42.378768938446925], [11.499424971248565, 42.39996999849993], [11.59692984649233, 42.445022251112555], [11.58942947147358, 42.540427021351064], [11.743187159357973, 42.63318165908296], [11.780689034451726, 42.725936296814844], [11.746937346867348, 42.78688934446723], [11.638181909095458, 42.81074053702685], [11.581929096454829, 42.95384769238462], [11.409420471023559, 42.97504875243762], [11.338166908345421, 43.075753787689386], [10.910645532276618, 43.16320816040802], [10.715635781789096, 43.10755537776889], [10.7606380319016, 43.025401270063504], [10.70438521926097, 42.940597029851496], [10.790639531976602, 42.78953947697385], [10.959397969898497, 42.72328616430822], [11.053152657632886, 42.63318165908296], [11.146907345367275, 42.52982649132457], [11.15065753287665, 42.405270263513174]]], [[[10.974398719935998, 42.35756787839392], [10.92564628231412, 42.39996999849993], [10.888144407220366, 42.39996999849993], [10.839391969598488, 42.35756787839392], [10.884394219710991, 42.293964698234916], [10.974398719935998, 42.35756787839392]]]]}, "properties": {"id": "ITI1A", "na": "Grosseto"}}, {"type": "Feature", "geometry": {"type": "Polygon", "coordinates": [[[12.766988349417474, 43.46002300115006], [12.624481224061206, 43.43352167608381], [12.42572128606431, 43.51037551877594], [12.38821941097055, 43.52627631381569], [12.33946697334867, 43.59782989149458], [12.21571078553928, 43.6110805540277], [12.14445722286115, 43.51037551877594], [12.080704035201762, 43.420271013550675], [12.136956847842399, 43.27186359317966], [11.960698034901746, 43.16585829291465], [11.93444672233612, 42.86904345217261], [11.990699534976756, 42.87434371718586], [12.061953097654886, 42.940597029851496], [12.294464723236167, 42.91939596979849], [12.328216410820545, 42.871693584679235], [12.298214910745543, 42.763038151907594], [12.380719035951799, 42.70473523676184], [12.42572128606431, 42.688834441722086], [12.50447522376119, 42.725936296814844], [12.703235161758094, 42.63318165908296], [12.748237411870598, 42.63318165908296], [12.845742287114362, 42.667633381669084], [12.87949397469874, 42.63318165908296], [12.89449472473624, 42.6172808640432], [13.014500725036257, 42.63318165908296], [13.119505975298772, 42.64643232161608], [13.190759537976902, 42.733886694334714], [13.235761788089413, 42.86639331966599], [13.164508225411275, 42.85049252462623], [12.916995849792492, 42.9617980899045], [12.860743037151863, 43.21091054552728], [12.766988349417474, 43.46002300115006]]]}, "properties": {"id": "ITI21", "na": "Perugia"}}, {"type": "Feature", "geometry": {"type": "Polygon", "coordinates": [[[11.893194659732991, 42.83459172958648], [11.93444672233612, 42.86904345217261], [11.960698034901746, 43.16585829291465], [11.735686784339222, 43.25331266563328], [11.439421971098561, 43.51037551877594], [11.398169908495426, 43.547477373868695], [11.259412970648533, 43.51037551877594], [11.176908845442277, 43.489174458722935], [11.090654532726639, 43.51037551877594], [11.004400220011007, 43.51037551877594], [10.951897594879746, 43.452072603630185], [10.993149657482881, 43.364618230911546], [10.910645532276618, 43.16320816040802], [11.338166908345421, 43.075753787689386], [11.409420471023559, 42.97504875243762], [11.581929096454829, 42.95384769238462], [11.638181909095458, 42.81074053702685], [11.746937346867348, 42.78688934446723], [11.893194659732991, 42.83459172958648]]]}, "properties": {"id": "ITI19", "na": "Siena"}}, {"type": "Feature", "geometry": {"type": "Polygon", "coordinates": [[[12.21571078553928, 43.6110805540277], [12.309465473273669, 43.71443572178609], [12.283214160708042, 43.76478823941197], [12.106955347767396, 43.75418770938547], [11.709435471773595, 43.87874393719686], [11.615680784039206, 43.81514075703785], [11.581929096454829, 43.68528426421321], [11.398169908495426, 43.547477373868695], [11.439421971098561, 43.51037551877594], [11.735686784339222, 43.25331266563328], [11.960698034901746, 43.16585829291465], [12.136956847842399, 43.27186359317966], [12.080704035201762, 43.420271013550675], [12.14445722286115, 43.51037551877594], [12.21571078553928, 43.6110805540277]]]}, "properties": {"id": "ITI18", "na": "Arezzo"}}, {"type": "Feature", "geometry": {"type": "Polygon", "coordinates": [[[11.709435471773595, 43.87874393719686], [11.671933596679835, 43.9873993699685], [11.716935846792346, 44.12255612780639], [11.525676283814192, 44.15700785039252], [11.405670283514183, 44.21796089804491], [11.203160158007904, 44.10135506775339], [11.124406220311023, 43.84959247962398], [11.04940247012351, 43.7886394319716], [10.963148157407872, 43.81249062453123], [10.726886344317222, 43.81514075703785], [10.711885594279721, 43.78598929946497], [10.906895344767243, 43.67998399919996], [10.83189159457973, 43.547477373868695], [10.87689384469224, 43.51037551877594], [10.951897594879746, 43.452072603630185], [11.004400220011007, 43.51037551877594], [11.090654532726639, 43.51037551877594], [11.176908845442277, 43.489174458722935], [11.259412970648533, 43.51037551877594], [11.398169908495426, 43.547477373868695], [11.581929096454829, 43.68528426421321], [11.615680784039206, 43.81514075703785], [11.709435471773595, 43.87874393719686]]]}, "properties": {"id": "ITI14", "na": "Firenze"}}, {"type": "Feature", "geometry": {"type": "Polygon", "coordinates": [[[11.04940247012351, 44.09075453772689], [11.019400970048508, 43.87344367218361], [10.963148157407872, 43.81249062453123], [11.04940247012351, 43.7886394319716], [11.124406220311023, 43.84959247962398], [11.203160158007904, 44.10135506775339], [11.04940247012351, 44.09075453772689]]]}, "properties": {"id": "ITI15", "na": "Prato"}}, {"type": "Feature", "geometry": {"type": "Polygon", "coordinates": [[[15.643382169108463, 40.04400220011001], [15.789639481974106, 40.26396319815991], [15.579628981449076, 40.46272313615681], [15.335866793339669, 40.833741687084355], [15.197109855492776, 40.71713585679284], [14.604580229011454, 40.84699234961748], [14.533326666333323, 40.76218810940547], [14.574578728936451, 40.65353267663383], [14.469573478673937, 40.6190809540477], [14.5520776038802, 40.61643082154108], [14.788339416970857, 40.658832941647084], [14.882094104705239, 40.5766788339417], [14.987099354967754, 40.40177008850443], [14.987099354967754, 40.36201810090505], [14.927096354817749, 40.271913595679784], [14.94209710485525, 40.22951147557378], [15.039601980099008, 40.1791589579479], [15.144607230361522, 40.15530776538827], [15.249612480624037, 40.08375418770939], [15.28711435571779, 40.030751537576876], [15.347117355867795, 40.00690034501725], [15.425871293564683, 40.00425021251063], [15.564628231411575, 40.070503525176264], [15.643382169108463, 40.04400220011001]]]}, "properties": {"id": "ITF35", "na": "Salerno"}}, {"type": "Feature", "geometry": {"type": "MultiPolygon", "coordinates": [[[[14.398319915995806, 40.746287314365716], [14.469573478673937, 40.6190809540477], [14.574578728936451, 40.65353267663383], [14.533326666333323, 40.76218810940547], [14.604580229011454, 40.84699234961748], [14.570828541427076, 41.00865043252163], [14.529576478823948, 41.01395069753488], [14.37956897844893, 41.00070003500175], [14.064553227661385, 40.95034751737587], [14.030801540077007, 40.89999499974999], [14.398319915995806, 40.746287314365716]]], [[[13.974548727436378, 40.74893744687235], [13.847042352117612, 40.77013850692535], [13.828291414570735, 40.70388519425971], [13.929546477323868, 40.68533426671334], [13.974548727436378, 40.74893744687235]]]]}, "properties": {"id": "ITF33", "na": "Napoli"}}, {"type": "Feature", "geometry": {"type": "Polygon", "coordinates": [[[15.335866793339669, 40.833741687084355], [15.519625981299072, 40.91059552977649], [15.542127106355323, 41.056352817640885], [15.264613230661539, 41.11465573278664], [15.242112105605287, 41.24186209310466], [15.148357417870898, 41.28161408070404], [15.00585029251463, 41.25511275563778], [14.983349167458378, 41.11465573278664], [14.927096354817749, 41.07755387769389], [14.570828541427076, 41.00865043252163], [14.604580229011454, 40.84699234961748], [15.197109855492776, 40.71713585679284], [15.335866793339669, 40.833741687084355]]]}, "properties": {"id": "ITF34", "na": "Avellino"}}, {"type": "Feature", "geometry": {"type": "Polygon", "coordinates": [[[14.435821791089559, 41.09875493774689], [14.503325166258321, 41.382319115955795], [14.37956897844893, 41.443272163608185], [14.150807540377023, 41.50157507875394], [14.057052852642634, 41.40617030851543], [13.978298914945753, 41.46182309115456], [13.873293664683239, 41.33726686334317], [13.760788039401973, 41.22331116555828], [14.030801540077007, 40.89999499974999], [14.064553227661385, 40.95034751737587], [14.37956897844893, 41.00070003500175], [14.529576478823948, 41.01395069753488], [14.435821791089559, 41.09875493774689]]]}, "properties": {"id": "ITF31", "na": "Caserta"}}, {"type": "Feature", "geometry": {"type": "Polygon", "coordinates": [[[14.570828541427076, 41.00865043252163], [14.927096354817749, 41.07755387769389], [14.983349167458378, 41.11465573278664], [15.00585029251463, 41.25511275563778], [15.148357417870898, 41.28161408070404], [15.00585029251463, 41.48567428371419], [14.503325166258321, 41.382319115955795], [14.435821791089559, 41.09875493774689], [14.529576478823948, 41.01395069753488], [14.570828541427076, 41.00865043252163]]]}, "properties": {"id": "ITF32", "na": "Benevento"}}, {"type": "Feature", "geometry": {"type": "Polygon", "coordinates": [[[13.873293664683239, 41.33726686334317], [13.629531476573831, 41.334616730836544], [13.487024351217563, 41.43267163358168], [13.310765538276918, 41.40882044102205], [13.175758787939401, 41.58372918645932], [13.078253912695637, 41.57312865643282], [13.014500725036257, 41.62083104155208], [12.95074753737687, 41.66853342667133], [12.905745287264367, 41.702985149257465], [12.853242662133113, 41.66853342667133], [12.78573928696435, 41.62083104155208], [12.751987599379973, 41.59962998149908], [12.699484974248719, 41.62083104155208], [12.624481224061206, 41.64998249912496], [12.571978598929952, 41.62083104155208], [12.774488724436225, 41.41677083854193], [13.06700335016751, 41.24186209310466], [13.292014600730042, 41.28956447822391], [13.760788039401973, 41.22331116555828], [13.873293664683239, 41.33726686334317]]]}, "properties": {"id": "ITI44", "na": "Latina"}}, {"type": "Feature", "geometry": {"type": "Polygon", "coordinates": [[[14.37956897844893, 41.443272163608185], [14.480824041202062, 41.62083104155208], [14.480824041202062, 41.66853342667133], [14.484574228711438, 41.758637931896594], [14.37956897844893, 41.86994349717486], [14.229561478073911, 41.877893894694736], [14.135806790339522, 41.75333766688335], [13.940797039852, 41.68708435421771], [14.000800040002005, 41.56252812640632], [13.978298914945753, 41.46182309115456], [14.057052852642634, 41.40617030851543], [14.150807540377023, 41.50157507875394], [14.37956897844893, 41.443272163608185]]]}, "properties": {"id": "ITF21", "na": "Isernia"}}, {"type": "Feature", "geometry": {"type": "Polygon", "coordinates": [[[13.978298914945753, 41.46182309115456], [14.000800040002005, 41.56252812640632], [13.940797039852, 41.68708435421771], [13.423271163558184, 41.82489124456223], [13.295764788239417, 41.94944747237362], [13.010750537526881, 41.798389919495975], [13.108255412770646, 41.66853342667133], [13.145757287864399, 41.62083104155208], [13.175758787939401, 41.58372918645932], [13.310765538276918, 41.40882044102205], [13.487024351217563, 41.43267163358168], [13.629531476573831, 41.334616730836544], [13.873293664683239, 41.33726686334317], [13.978298914945753, 41.46182309115456]]]}, "properties": {"id": "ITI45", "na": "Frosinone"}}, {"type": "Feature", "geometry": {"type": "Polygon", "coordinates": [[[15.00585029251463, 41.48567428371419], [14.953347667383376, 41.59697984899245], [14.987099354967754, 41.62083104155208], [15.058352917645884, 41.66853342667133], [15.110855542777145, 41.702985149257465], [15.137106855342772, 41.92824641232062], [14.99834991749588, 41.98389919495975], [14.919595979798991, 42.018350917545874], [14.765838291914598, 42.07400370018501], [14.687084354217717, 41.98389919495975], [14.484574228711438, 41.758637931896594], [14.480824041202062, 41.66853342667133], [14.480824041202062, 41.62083104155208], [14.37956897844893, 41.443272163608185], [14.503325166258321, 41.382319115955795], [15.00585029251463, 41.48567428371419]]]}, "properties": {"id": "ITF22", "na": "Campobasso"}}, {"type": "Feature", "geometry": {"type": "Polygon", "coordinates": [[[14.484574228711438, 41.758637931896594], [14.687084354217717, 41.98389919495975], [14.765838291914598, 42.07400370018501], [14.690834541727092, 42.174708735436774], [14.619580979048955, 42.2197609880494], [14.327066353317669, 42.39996999849993], [14.255812790639538, 42.445022251112555], [14.195809790489527, 42.39996999849993], [14.11330566528327, 42.33371668583429], [14.09830491524577, 42.2197609880494], [14.087054352717644, 42.087254362718134], [14.094554727736394, 41.98389919495975], [14.120806040302021, 41.90174508725436], [14.229561478073911, 41.877893894694736], [14.37956897844893, 41.86994349717486], [14.484574228711438, 41.758637931896594]]]}, "properties": {"id": "ITF14", "na": "Chieti"}}, {"type": "Feature", "geometry": {"type": "Polygon", "coordinates": [[[17.353467673383676, 40.74893744687235], [17.323466173308674, 40.82579128956448], [17.387219360968054, 40.892044602230115], [17.06845342267114, 41.06960348017401], [16.543427171358573, 41.22861143057153], [16.49842492124607, 41.17030851542577], [16.370918545927303, 41.16500825041252], [16.20216010800541, 40.918545927296364], [16.243412170608536, 40.8390419520976], [16.41217060853043, 40.72243612180609], [16.5546777338867, 40.756887844392224], [16.723436171808594, 40.71448572428621], [17.353467673383676, 40.74893744687235]]]}, "properties": {"id": "ITF47", "na": "Bari"}}, {"type": "Feature", "geometry": {"type": "Polygon", "coordinates": [[[16.20216010800541, 40.918545927296364], [16.370918545927303, 41.16500825041252], [16.49842492124607, 41.17030851542577], [16.543427171358573, 41.22861143057153], [16.025901295064756, 41.42472123606181], [16.010900545027255, 41.23391169558478], [15.872143607180362, 41.141157057852894], [16.010900545027255, 41.05900295014751], [16.052152607630383, 40.93179658982949], [16.20216010800541, 40.918545927296364]]]}, "properties": {"id": "ITF48", "na": "Barletta-Andria-Trani"}}, {"type": "Feature", "geometry": {"type": "MultiPolygon", "coordinates": [[[[15.242112105605287, 41.24186209310466], [15.264613230661539, 41.11465573278664], [15.542127106355323, 41.056352817640885], [15.872143607180362, 41.141157057852894], [16.010900545027255, 41.23391169558478], [16.025901295064756, 41.42472123606181], [15.90589529476474, 41.58372918645932], [15.958397919896, 41.62083104155208], [16.02215110755538, 41.66853342667133], [16.168408420421024, 41.771888594429726], [16.13090654532727, 41.91234561728086], [15.137106855342772, 41.92824641232062], [15.110855542777145, 41.702985149257465], [15.058352917645884, 41.66853342667133], [14.987099354967754, 41.62083104155208], [14.953347667383376, 41.59697984899245], [15.00585029251463, 41.48567428371419], [15.148357417870898, 41.28161408070404], [15.242112105605287, 41.24186209310466]]], [[[15.602130106505328, 42.156157807890395], [15.542127106355323, 42.20651032551628], [15.470873543677186, 42.1773588679434], [15.512125606280321, 42.08990449522476], [15.602130106505328, 42.156157807890395]]]]}, "properties": {"id": "ITF46", "na": "Foggia"}}, {"type": "Feature", "geometry": {"type": "Polygon", "coordinates": [[[14.087054352717644, 42.087254362718134], [13.83204160208011, 42.17205860293015], [13.764538226911348, 42.42117105855293], [13.49827491374569, 42.48212410620531], [13.393269663483181, 42.590779538976946], [13.190759537976902, 42.569578478923944], [13.142007100355023, 42.44767238361918], [13.172008600430026, 42.39996999849993], [13.295764788239417, 42.2197609880494], [13.329516475823795, 42.16940847042352], [13.029501475073758, 42.116405820291014], [13.070753537676886, 42.02895144757238], [13.194509725486277, 41.98389919495975], [13.295764788239417, 41.94944747237362], [13.423271163558184, 41.82489124456223], [13.940797039852, 41.68708435421771], [14.135806790339522, 41.75333766688335], [14.229561478073911, 41.877893894694736], [14.120806040302021, 41.90174508725436], [14.094554727736394, 41.98389919495975], [14.087054352717644, 42.087254362718134]]]}, "properties": {"id": "ITF11", "na": "L’Aquila"}}, {"type": "Feature", "geometry": {"type": "Polygon", "coordinates": [[[14.087054352717644, 42.087254362718134], [14.09830491524577, 42.2197609880494], [14.11330566528327, 42.33371668583429], [14.195809790489527, 42.39996999849993], [14.255812790639538, 42.445022251112555], [14.147057352867648, 42.52982649132457], [13.843292164608236, 42.49272463623181], [13.764538226911348, 42.42117105855293], [13.83204160208011, 42.17205860293015], [14.087054352717644, 42.087254362718134]]]}, "properties": {"id": "ITF13", "na": "Pescara"}}, {"type": "Feature", "geometry": {"type": "Polygon", "coordinates": [[[13.393269663483181, 42.590779538976946], [13.37826891344568, 42.63318165908296], [13.359517975898797, 42.69413470673534], [13.190759537976902, 42.733886694334714], [13.119505975298772, 42.64643232161608], [13.014500725036257, 42.63318165908296], [12.89449472473624, 42.6172808640432], [12.601980099004955, 42.41322066103305], [12.48947447372369, 42.39996999849993], [12.519475973798691, 42.293964698234916], [12.601980099004955, 42.2197609880494], [12.658232911645584, 42.17205860293015], [13.029501475073758, 42.116405820291014], [13.329516475823795, 42.16940847042352], [13.295764788239417, 42.2197609880494], [13.172008600430026, 42.39996999849993], [13.142007100355023, 42.44767238361918], [13.190759537976902, 42.569578478923944], [13.393269663483181, 42.590779538976946]]]}, "properties": {"id": "ITI42", "na": "Rieti"}}, {"type": "Feature", "geometry": {"type": "Polygon", "coordinates": [[[13.764538226911348, 42.42117105855293], [13.843292164608236, 42.49272463623181], [14.147057352867648, 42.52982649132457], [14.083304165208268, 42.63318165908296], [13.914545727286367, 42.89554477723886], [13.547027351367575, 42.802790139506975], [13.359517975898797, 42.69413470673534], [13.37826891344568, 42.63318165908296], [13.393269663483181, 42.590779538976946], [13.49827491374569, 42.48212410620531], [13.764538226911348, 42.42117105855293]]]}, "properties": {"id": "ITF12", "na": "Teramo"}}, {"type": "Feature", "geometry": {"type": "Polygon", "coordinates": [[[13.359517975898797, 42.69413470673534], [13.547027351367575, 42.802790139506975], [13.914545727286367, 42.89554477723886], [13.850792539626987, 43.06780339016951], [13.243262163108163, 42.89289464473224], [13.235761788089413, 42.86639331966599], [13.190759537976902, 42.733886694334714], [13.359517975898797, 42.69413470673534]]]}, "properties": {"id": "ITI34", "na": "Ascoli Piceno"}}, {"type": "Feature", "geometry": {"type": "Polygon", "coordinates": [[[13.258262913145664, 42.97504875243762], [13.243262163108163, 42.89289464473224], [13.850792539626987, 43.06780339016951], [13.742037101855097, 43.29306465323266], [13.464523226161312, 43.14730736536827], [13.445772288614435, 43.04130206510325], [13.258262913145664, 42.97504875243762]]]}, "properties": {"id": "ITI35", "na": "Fermo"}}, {"type": "Feature", "geometry": {"type": "Polygon", "coordinates": [[[13.258262913145664, 42.97504875243762], [13.445772288614435, 43.04130206510325], [13.464523226161312, 43.14730736536827], [13.742037101855097, 43.29306465323266], [13.640782039101957, 43.47327366368319], [13.348267413370671, 43.40702035101755], [13.108255412770646, 43.42557127856393], [12.860743037151863, 43.21091054552728], [12.916995849792492, 42.9617980899045], [13.164508225411275, 42.85049252462623], [13.235761788089413, 42.86639331966599], [13.243262163108163, 42.89289464473224], [13.258262913145664, 42.97504875243762]]]}, "properties": {"id": "ITI33", "na": "Macerata"}}, {"type": "Feature", "geometry": {"type": "Polygon", "coordinates": [[[13.108255412770646, 43.42557127856393], [13.348267413370671, 43.40702035101755], [13.640782039101957, 43.47327366368319], [13.618280914045705, 43.51037551877594], [13.562028101405076, 43.59517975898795], [13.172008600430026, 43.751537576878846], [12.838241912095611, 43.51037551877594], [12.766988349417474, 43.46002300115006], [12.860743037151863, 43.21091054552728], [13.108255412770646, 43.42557127856393]]]}, "properties": {"id": "ITI32", "na": "Ancona"}}, {"type": "Feature", "geometry": {"type": "Polygon", "coordinates": [[[12.766988349417474, 43.46002300115006], [12.838241912095611, 43.51037551877594], [13.172008600430026, 43.751537576878846], [12.751987599379973, 43.96884844242212], [12.650732536626833, 43.836341817090855], [12.493224661233064, 43.915845792289616], [12.418220911045559, 43.89994499724986], [12.283214160708042, 43.76478823941197], [12.309465473273669, 43.71443572178609], [12.21571078553928, 43.6110805540277], [12.33946697334867, 43.59782989149458], [12.38821941097055, 43.52627631381569], [12.42572128606431, 43.51037551877594], [12.624481224061206, 43.43352167608381], [12.766988349417474, 43.46002300115006]]]}, "properties": {"id": "ITI31", "na": "Pesaro e Urbino"}}, {"type": "Feature", "geometry": {"type": "Polygon", "coordinates": [[[12.493224661233064, 43.915845792289616], [12.650732536626833, 43.836341817090855], [12.751987599379973, 43.96884844242212], [12.451972598629936, 44.16230811540577], [12.33946697334867, 43.9661983099155], [12.15945797289865, 43.894644732236614], [12.106955347767396, 43.75418770938547], [12.283214160708042, 43.76478823941197], [12.418220911045559, 43.89994499724986], [12.418220911045559, 43.95029751487574], [12.500725036251815, 43.982099104955246], [12.493224661233064, 43.915845792289616]]]}, "properties": {"id": "ITH59", "na": "Rimini"}}, {"type": "Feature", "geometry": {"type": "Polygon", "coordinates": [[[12.33946697334867, 43.9661983099155], [12.451972598629936, 44.16230811540577], [12.384469223461174, 44.22591129556478], [12.200710035501778, 44.2285614280714], [12.031951597579884, 44.310715535776794], [11.716935846792346, 44.12255612780639], [11.671933596679835, 43.9873993699685], [11.709435471773595, 43.87874393719686], [12.106955347767396, 43.75418770938547], [12.15945797289865, 43.894644732236614], [12.33946697334867, 43.9661983099155]]]}, "properties": {"id": "ITH58", "na": "Forlì-Cesena"}}, {"type": "Feature", "geometry": {"type": "Polygon", "coordinates": [[[11.716935846792346, 44.12255612780639], [12.031951597579884, 44.310715535776794], [12.200710035501778, 44.2285614280714], [12.384469223461174, 44.22591129556478], [12.26821341067054, 44.628731436571826], [12.14445722286115, 44.55717785889294], [11.788189409470476, 44.55452772638632], [11.814440722036103, 44.398169908495426], [11.525676283814192, 44.15700785039252], [11.716935846792346, 44.12255612780639]]]}, "properties": {"id": "ITH57", "na": "Ravenna"}}, {"type": "Feature", "geometry": {"type": "Polygon", "coordinates": [[[11.525676283814192, 44.15700785039252], [11.814440722036103, 44.398169908495426], [11.788189409470476, 44.55452772638632], [11.773188659432975, 44.6260813040652], [11.551927596379826, 44.72148607430371], [11.278163908195417, 44.73738686934347], [11.293164658232918, 44.803640182009104], [11.124406220311023, 44.75328766438322], [11.124406220311023, 44.5730786539327], [11.026901345067259, 44.339866993349666], [10.813140657032854, 44.117255862793144], [11.04940247012351, 44.09075453772689], [11.203160158007904, 44.10135506775339], [11.405670283514183, 44.21796089804491], [11.525676283814192, 44.15700785039252]]]}, "properties": {"id": "ITH55", "na": "Bologna"}}, {"type": "Feature", "geometry": {"type": "Polygon", "coordinates": [[[12.26821341067054, 44.628731436571826], [12.283214160708042, 44.81954097704885], [12.399469973498682, 44.793039651982596], [12.346967348367421, 44.83014150707535], [12.25321266063304, 44.93349667483374], [12.028201410070508, 44.978548927446376], [11.630681534076707, 44.90169508475424], [11.428171408570435, 44.949397469873496], [11.244412220611032, 44.95204760238012], [11.32316615830792, 44.851342567128356], [11.293164658232918, 44.803640182009104], [11.278163908195417, 44.73738686934347], [11.551927596379826, 44.72148607430371], [11.773188659432975, 44.6260813040652], [11.788189409470476, 44.55452772638632], [12.14445722286115, 44.55717785889294], [12.26821341067054, 44.628731436571826]]]}, "properties": {"id": "ITH56", "na": "Ferrara"}}, {"type": "Feature", "geometry": {"type": "Polygon", "coordinates": [[[11.428171408570435, 44.949397469873496], [11.630681534076707, 44.90169508475424], [12.028201410070508, 44.978548927446376], [12.25321266063304, 44.93349667483374], [12.346967348367421, 44.83014150707535], [12.399469973498682, 44.793039651982596], [12.463223161158062, 44.949397469873496], [12.309465473273669, 45.07130356517826], [12.33196659832992, 45.161408070403525], [12.125706285314273, 45.073953697684885], [11.968198409920504, 45.13490674533727], [11.41692084604231, 45.129606480324014], [11.3869193459673, 45.06600330016501], [11.20691034551728, 45.10840542027101], [11.20691034551728, 45.05275263763188], [11.428171408570435, 44.949397469873496]]]}, "properties": {"id": "ITH37", "na": "Rovigo"}}, {"type": "Feature", "geometry": {"type": "Polygon", "coordinates": [[[12.133206660333023, 45.29921496074804], [11.983199159958005, 45.41847092354618], [12.091954597729888, 45.5986799339967], [11.821941097054854, 45.68613430671534], [11.679433971698586, 45.63843192159608], [11.724436221811096, 45.47412370618531], [11.581929096454829, 45.285964298214914], [11.48817440872044, 45.264763238161905], [11.41692084604231, 45.21971098554928], [11.41692084604231, 45.129606480324014], [11.968198409920504, 45.13490674533727], [12.200710035501778, 45.256812840642034], [12.133206660333023, 45.29921496074804]]]}, "properties": {"id": "ITH36", "na": "Padova"}}, {"type": "Feature", "geometry": {"type": "MultiPolygon", "coordinates": [[[[12.133206660333023, 45.29921496074804], [12.25321266063304, 45.4105205260263], [12.350717535876797, 45.39726986349318], [12.493224661233064, 45.47412370618531], [12.508225411270566, 45.53242662133107], [12.676983849192467, 45.51387569378469], [13.09700485024252, 45.643732186609334], [12.98074903745188, 45.83454172708635], [12.66198309915496, 45.79213960698035], [12.635731786589332, 45.70203510175509], [12.481974098704939, 45.66758337916896], [12.406970348517433, 45.58012900645032], [12.234461723086156, 45.54302715135757], [12.091954597729888, 45.5986799339967], [11.983199159958005, 45.41847092354618], [12.133206660333023, 45.29921496074804]]], [[[11.968198409920504, 45.13490674533727], [12.125706285314273, 45.073953697684885], [12.33196659832992, 45.161408070403525], [12.200710035501778, 45.256812840642034], [11.968198409920504, 45.13490674533727]]]]}, "properties": {"id": "ITH35", "na": "Venezia"}}, {"type": "Feature", "geometry": {"type": "Polygon", "coordinates": [[[11.48817440872044, 45.264763238161905], [11.581929096454829, 45.285964298214914], [11.724436221811096, 45.47412370618531], [11.679433971698586, 45.63843192159608], [11.821941097054854, 45.68613430671534], [11.799439971998602, 45.87959397969899], [11.683184159207961, 45.982949147457376], [11.390669533476675, 45.97764888244412], [11.139406970348524, 45.69673483674184], [11.48817440872044, 45.264763238161905]]]}, "properties": {"id": "ITH32", "na": "Vicenza"}}, {"type": "Feature", "geometry": {"type": "Polygon", "coordinates": [[[12.635731786589332, 45.70203510175509], [12.66198309915496, 45.79213960698035], [12.399469973498682, 46.041252062603135], [12.301965098254918, 46.06245312265614], [11.799439971998602, 45.87959397969899], [11.821941097054854, 45.68613430671534], [12.091954597729888, 45.5986799339967], [12.234461723086156, 45.54302715135757], [12.406970348517433, 45.58012900645032], [12.481974098704939, 45.66758337916896], [12.635731786589332, 45.70203510175509]]]}, "properties": {"id": "ITH34", "na": "Treviso"}}, {"type": "Feature", "geometry": {"type": "Polygon", "coordinates": [[[13.580779038951952, 45.786839341967095], [13.727036351817596, 45.691434571728585], [13.72328616430822, 45.596029801490076], [13.839541977098861, 45.59072953647683], [13.899544977248866, 45.63578178908946], [13.775788789439474, 45.749737486874345], [13.595779788989454, 45.808040402020104], [13.580779038951952, 45.786839341967095]]]}, "properties": {"id": "ITH44", "na": "Trieste"}}, {"type": "Feature", "geometry": {"type": "Polygon", "coordinates": [[[13.595779788989454, 45.808040402020104], [13.595779788989454, 45.818640932046605], [13.62203110155508, 45.964398219911], [13.517025851292573, 45.985599279964], [13.49827491374569, 46.05185259262963], [13.404520226011307, 45.91139556977849], [13.408270413520682, 45.72588629431472], [13.580779038951952, 45.786839341967095], [13.595779788989454, 45.808040402020104]]]}, "properties": {"id": "ITH43", "na": "Gorizia"}}, {"type": "Feature", "geometry": {"type": "Polygon", "coordinates": [[[13.685784289214467, 46.43877193859693], [13.71578578928947, 46.52357617880894], [13.50577528876444, 46.56597829891494], [12.733236661833097, 46.63488174408721], [12.71448572428622, 46.55272763638182], [12.49697484874244, 46.41227061353068], [12.961998099905003, 46.308915445772286], [12.909495474773742, 45.982949147457376], [12.98074903745188, 45.83454172708635], [13.09700485024252, 45.643732186609334], [13.142007100355023, 45.760338016900846], [13.408270413520682, 45.72588629431472], [13.404520226011307, 45.91139556977849], [13.49827491374569, 46.05185259262963], [13.644532226611332, 46.16580829041452], [13.430771538576934, 46.24001200060003], [13.400770038501932, 46.31421571078554], [13.685784289214467, 46.43877193859693]]]}, "properties": {"id": "ITH42", "na": "Udine"}}, {"type": "Feature", "geometry": {"type": "Polygon", "coordinates": [[[12.399469973498682, 46.041252062603135], [12.66198309915496, 45.79213960698035], [12.98074903745188, 45.83454172708635], [12.909495474773742, 45.982949147457376], [12.961998099905003, 46.308915445772286], [12.49697484874244, 46.41227061353068], [12.350717535876797, 46.27711385569279], [12.478223911195563, 46.13930696534827], [12.399469973498682, 46.041252062603135]]]}, "properties": {"id": "ITH41", "na": "Pordenone"}}, {"type": "Feature", "geometry": {"type": "Polygon", "coordinates": [[[11.139406970348524, 45.69673483674184], [11.390669533476675, 45.97764888244412], [11.683184159207961, 45.982949147457376], [11.70568528426422, 46.08100405020251], [11.923196159807993, 46.18700935046752], [11.821941097054854, 46.311565578278916], [11.829441472073611, 46.50767538376919], [11.683184159207961, 46.49707485374269], [11.555677783889202, 46.369868493424676], [11.236911845592282, 46.24531226561328], [11.165658282914151, 46.290364518225914], [11.21441072053603, 46.425521276063805], [11.169408470423527, 46.502375118755936], [10.621881094054707, 46.44937246862344], [10.516875843792192, 46.34336716835842], [10.573128656432829, 46.26386319315966], [10.468123406170314, 45.998849942497124], [10.524376218810943, 45.82129106455323], [10.839391969598488, 45.83189159457973], [10.918145907295369, 45.70733536676834], [11.139406970348524, 45.69673483674184]]]}, "properties": {"id": "ITH20", "na": "Trento"}}, {"type": "Feature", "geometry": {"type": "Polygon", "coordinates": [[[12.71448572428622, 46.55272763638182], [12.733236661833097, 46.63488174408721], [12.691984599229968, 46.65608280414021], [12.478223911195563, 46.67993399669984], [12.335716785839296, 46.62693134656733], [12.080704035201762, 46.65608280414021], [11.99444972248613, 46.55537776888845], [11.829441472073611, 46.50767538376919], [11.821941097054854, 46.311565578278916], [11.923196159807993, 46.18700935046752], [11.70568528426422, 46.08100405020251], [11.683184159207961, 45.982949147457376], [11.799439971998602, 45.87959397969899], [12.301965098254918, 46.06245312265614], [12.399469973498682, 46.041252062603135], [12.478223911195563, 46.13930696534827], [12.350717535876797, 46.27711385569279], [12.49697484874244, 46.41227061353068], [12.71448572428622, 46.55272763638182]]]}, "properties": {"id": "ITH33", "na": "Belluno"}}, {"type": "Feature", "geometry": {"type": "Polygon", "coordinates": [[[12.478223911195563, 46.67993399669984], [12.163208160408026, 46.91579578978949], [12.14445722286115, 46.99794989749488], [12.241962098104906, 47.06950347517376], [12.136956847842399, 47.08010400520026], [11.773188659432975, 46.98204910245512], [11.626931346567332, 47.01385069253463], [11.165658282914151, 46.966148307415374], [10.993149657482881, 46.7700385019251], [10.663133156657835, 46.862793139656986], [10.468123406170314, 46.85484274213711], [10.396869843492176, 46.67993399669984], [10.468123406170314, 46.600430021501076], [10.453122656132813, 46.531526576328815], [10.621881094054707, 46.44937246862344], [11.169408470423527, 46.502375118755936], [11.21441072053603, 46.425521276063805], [11.165658282914151, 46.290364518225914], [11.236911845592282, 46.24531226561328], [11.555677783889202, 46.369868493424676], [11.683184159207961, 46.49707485374269], [11.829441472073611, 46.50767538376919], [11.99444972248613, 46.55537776888845], [12.080704035201762, 46.65608280414021], [12.335716785839296, 46.62693134656733], [12.478223911195563, 46.67993399669984]]]}, "properties": {"id": "ITH10", "na": "Bolzano-Bozen"}}]}